"objid","modelmag_u","modelmag_g","modelmag_r","modelmag_i","modelmag_z","z"
"1237660024494620770","18.81865","22.21451","16.72404","16.43035","25.28932","-5.11268E-05"
"1237660024494620813","18.44032","17.31879","16.90867","16.75457","16.68984","-6.093738E-05"
"1237660024494752505","25.70852","22.61385","21.15669","20.17282","19.62892","7.442592E-05"
"1237656906346071161","24.90523","23.68735","23.03518","20.58394","19.05735","-0.0001051639"
"1237660024494752027","20.67095","19.74322","19.7456","19.81164","19.9608","-0.0009409008"
"1237656906346004911","21.14153","20.23837","19.80036","19.67142","19.60066","-0.0008104773"
"1237656906345939227","21.87492","20.2371","19.31406","19.00164","18.81603","-0.0002256302"
"1237663542613311702","25.40309","21.7631","20.1867","18.78483","17.9396","6.541931E-05"
"1237660025031622879","19.65971","18.63809","18.30594","18.16814","18.12418","-0.0003751137"
"1237660025031688454","23.55607","20.94677","19.49187","18.10673","17.37089","-0.0001478404"
"1237663543150117476","24.00897","23.28169","21.73553","20.2439","19.39137","-0.0002664546"
"1237663542613246725","22.37884","21.19933","20.54362","20.35784","20.20516","0.0008180477"
"1237663542613180657","24.35897","21.69626","20.14706","18.62086","17.81544","1.752075E-05"
"1237663542613115009","17.5126","16.23718","16.15523","16.0436","16.03209","-0.0004226521"
"1237663478724493682","19.81454","19.4312","19.64351","19.9019","20.25832","-0.0002640757"
"1237663479261233231","16.46909","15.33226","15.14217","15.21628","15.1196","4.22624E-05"
"1237660025031426238","19.03823","19.0876","19.43881","19.77288","19.98916","-0.000563248"
"1237663478724363295","23.24107","21.70786","20.82851","19.69585","18.91723","-0.0001971077"
"1237663543149920393","18.83409","17.6628","17.683","17.76923","17.85326","-0.0005280491"
"1237656906345808259","21.41486","20.34365","19.91962","19.73702","19.81727","0.001749288"
"1237660024494490353","24.29381","22.95526","21.62058","20.50069","19.98194","0.0003949211"
"1237660024494555674","22.94978","21.17879","20.36109","20.11773","20.00096","0.003594043"
"1237663542612984282","22.34944","20.90766","19.94917","19.56963","19.26167","-0.0005296241"
"1237663479261167893","22.23389","20.26837","19.35338","19.01997","18.84378","-0.0001427569"
"1237660025031295389","23.02871","20.98564","20.07529","19.87193","19.55031","-0.0001489599"
"1237663478724297092","20.10617","18.98323","18.86744","18.86268","18.86123","-0.001202109"
"1237660024494359254","22.88661","20.96523","20.25008","19.92911","19.71855","-0.0008708155"
"1237660024494489878","20.51118","19.26435","19.31061","19.38156","19.49105","-0.0007106846"
"1237663542612852850","18.9015","17.93428","17.62631","17.48659","17.43695","-0.0005903263"
"1237656567586488592","20.47922","18.58705","17.84735","17.59198","17.42154","1.975404E-05"
"1237656567586488401","17.50197","16.5053","16.09154","15.92466","15.84173","-0.0005051006"
"1237656567586488531","19.24677","18.07236","18.26546","18.42889","18.51132","-0.0007324692"
"1237663542612787577","23.05294","21.1267","19.53432","18.2972","17.62845","5.902753E-05"
"1237657190901940323","24.49963","24.58827","21.12144","21.12821","20.33821","-0.004019369"
"1237666407365476751","24.74263","22.11832","20.72979","19.20522","18.33219","-0.0001841704"
"1237663783657341033","20.45718","17.70022","16.46799","15.99313","15.7086","-7.781675E-05"
"1237663275776934110","23.44887","21.31527","19.9179","18.65357","17.98709","-1.241334E-05"
"1237656906351837519","24.35169","21.64283","20.01559","18.89765","18.30968","0.0001459624"
"1237656906351641424","25.17411","23.64878","21.2843","20.21661","19.7037","-0.0001573269"
"1237663275777065414","24.09375","22.37641","20.83875","19.0618","18.2071","-3.364619E-05"
"1237663275777065191","23.83084","20.87541","19.3885","18.13178","17.4936","-2.848886E-05"
"1237656906351706299","19.58789","17.17427","16.14172","15.7695","15.58089","-8.864226E-05"
"1237656906351771666","20.87289","22.44792","19.42936","18.33096","19.12479","-0.000867222"
"1237663275776999588","19.46736","17.54543","16.7336","16.42714","16.27758","-0.0001800756"
"1237656906351772148","23.27152","21.25977","19.71898","18.8231","18.29323","-4.096011E-05"
"1237663783120404572","22.31053","19.76077","18.3664","17.66879","17.23707","1.098376E-06"
"1237656906351706310","20.82227","18.35893","17.19065","16.75168","16.52814","-9.424112E-05"
"1237663783120339244","25.09221","21.55354","19.94495","18.80494","18.03938","1.160832E-05"
"1237657190901743850","24.86821","21.18531","19.7194","18.89229","18.53783","6.466898E-05"
"1237663783120273785","24.73905","21.93109","20.33855","19.83197","19.69579","0.0002114523"
"1237657190901678446","23.67052","20.91159","19.64789","19.1386","18.87344","3.97044E-05"
"1237657190901678184","21.34505","18.85036","17.86401","17.49276","17.29781","7.107451E-05"
"1237663783657209877","18.72257","16.93744","16.24082","15.99052","15.8332","3.268593E-05"
"1237657190901744280","24.23207","21.97994","20.57002","18.98925","18.08648","-4.711155E-05"
"1237666407365279794","18.53474","17.11145","16.50965","16.28153","16.17469","-9.934162E-05"
"1237663783120142430","17.54023","16.42068","15.95065","15.74328","15.66651","-0.00071414"
"1237663783657144760","23.34137","21.93371","20.50479","19.15792","18.46076","-4.73123E-05"
"1237663783656947943","22.57566","19.77939","18.31452","17.2954","16.73381","-0.0001011718"
"1237663278461354147","19.67767","18.29277","17.73543","17.52219","17.38585","-0.0001253998"
"1237663278461354233","23.72256","20.46417","18.95867","17.57901","16.79768","1.438864E-05"
"1237663463144947933","19.56227","18.58417","18.26878","18.13339","18.0971","-9.527209E-05"
"1237663462608142510","21.22408","18.76001","17.39924","16.81402","16.48426","-0.0006316388"
"1237663462607945974","22.70728","20.71172","19.27875","18.58747","18.22906","-5.343373E-05"
"1237663278461223170","23.60292","21.70342","20.17813","18.36089","17.35327","-5.851601E-05"
"1237663462607880261","21.08853","19.81164","19.25162","19.03082","19.01975","-7.177517E-05"
"1237663462607945757","18.28689","16.81614","16.31738","16.13694","16.04496","-0.0001088312"
"1237663278461419616","23.8217","21.49489","19.81337","18.08805","17.20865","8.326479E-05"
"1237663462608142527","22.02718","19.79013","18.67011","18.23405","18.00896","-0.0001262497"
"1237663277924352147","19.8151","18.71129","18.40805","18.26499","18.26038","-0.0007097742"
"1237663784194015960","23.85657","22.6418","21.43936","20.08358","19.43781","7.920051E-05"
"1237666408438891147","23.49927","21.43097","19.96458","19.00574","18.43298","1.236201E-05"
"1237663277924352060","18.66132","17.37503","16.91298","16.73769","16.67998","-8.223167E-05"
"1237666408438956644","23.85044","21.58228","20.2093","19.01124","18.39017","-8.633442E-05"
"1237663784193884162","17.55487","16.28324","16.29927","17.13255","16.37826","-0.0001745304"
"1237663784193884888","23.85345","22.24051","20.77113","19.17276","18.30589","-6.174238E-05"
"1237657190901809270","21.25333","19.6132","18.77729","18.4987","18.34928","-0.0006897041"
"1237663784193949798","21.73357","19.77891","18.90406","18.54501","18.32105","7.72448E-05"
"1237657190901743726","17.60371","16.58615","16.26741","16.15108","16.09569","-0.0005508855"
"1237663784193818877","22.20413","20.81829","20.25752","20.07414","19.90298","-0.0002341994"
"1237663463145013408","25.63022","20.95851","19.5402","18.91655","18.49041","-0.0001528776"
"1237678617414664357","21.54894","18.8776","17.53725","16.94437","16.61861","-0.0002030075"
"1237663463145078962","26.19678","21.03886","19.60584","18.57941","17.99385","-0.0001264567"
"1237678617414664236","19.22728","18.13031","17.70886","17.54616","17.48865","-0.000357192"
"1237663463145013309","18.64612","17.49114","17.24661","17.15889","17.11947","-0.0009297749"
"1237663278461419792","26.34452","22.21734","20.57977","18.82629","17.83553","-0.0001924102"
"1237663278461419745","21.28352","18.96431","17.85302","17.39693","17.13953","4.78363E-05"
"1237663462608208001","21.41985","19.38313","18.38703","17.92114","17.70489","-0.0003225983"
"1237678617414729732","18.55675","17.2582","16.68388","16.43691","16.31226","-0.0001895835"
"1237663278461419614","20.84851","19.041","18.30522","18.04556","17.94186","-5.059905E-05"
"1237663278461485261","19.66497","17.67665","16.87629","16.57491","16.40195","1.410761E-05"
"1237663277924417645","22.79082","20.55261","19.05509","18.35281","17.94938","0.0002475132"
"1237663462608142545","20.62321","18.05801","16.90849","16.49118","16.24818","-0.0001572811"
"1237663277924548632","18.7455","17.38858","16.83841","16.6388","16.5505","-0.000237487"
"1237663784194146480","24.60097","23.57588","22.01406","20.31836","19.55678","-4.182784E-05"
"1237663277924548847","23.34677","21.2055","19.76151","18.51439","17.82476","-4.639152E-05"
"1237663277924548817","19.36499","17.54209","16.7101","16.36884","16.15867","-0.0003479168"
"1237666408439218811","23.4821","21.55145","20.07945","19.17108","18.68619","0.0001712856"
"1237666408439218471","23.34209","21.20107","19.80629","18.93888","18.43497","-0.00012217"
"1237666408439218399","23.08121","20.74489","19.40574","18.91789","18.64762","4.077504E-05"
"1237663784194212190","24.85496","21.5615","19.95293","18.88295","18.29701","9.458542E-05"
"1237663277924483251","21.29761","18.93707","17.47078","16.70276","16.27817","-3.363403E-05"
"1237666408439218314","20.70155","18.99682","18.33596","18.1234","17.99417","0.0001084972"
"1237663784194080905","21.94389","19.3798","17.95599","17.0083","16.47456","8.563104E-05"
"1237663278461616258","20.16603","18.0311","17.12926","16.76891","16.48106","-5.229217E-05"
"1237663463145144511","21.31549","19.84729","19.2659","19.02031","18.95284","-0.0006380714"
"1237663278461616262","19.42807","18.24331","17.7681","17.58766","17.49442","-0.0002924665"
"1237663278461550637","16.80753","15.69221","15.30285","15.15625","15.11686","-0.0001188816"
"1237663278461550850","25.19701","22.3198","20.99305","19.15782","18.10241","-8.981312E-05"
"1237663462608273470","18.48541","17.04741","16.52225","16.35676","16.29816","-0.0001144186"
"1237678617414729909","21.6928","19.93971","19.12007","18.72528","18.51438","7.167612E-05"
"1237663463145078933","21.71968","19.16869","17.74579","16.87816","16.39488","-0.000108907"
"1237663463145078846","18.77391","16.43447","15.26269","14.77368","14.50074","-0.0005653433"
"1237678617414795452","19.4864","17.28544","16.47587","16.23116","16.11128","-7.178043E-05"
"1237663463145144548","20.56319","18.04953","16.78989","16.27267","15.9683","0.0001268572"
"1237663277924614475","23.26812","20.72596","19.34297","18.66216","18.29107","-9.4029E-06"
"1237663784205221920","18.21562","16.81846","16.31539","16.09977","16.02586","6.723296E-05"
"1237666339726426136","18.09212","17.05801","16.7145","16.60225","16.56261","-0.0002327721"
"1237663784205287524","19.04363","17.61708","16.946","16.64398","16.4771","-0.0004096866"
"1237663784742092902","19.67088","18.33705","17.80952","17.60008","17.48409","-0.0003470568"
"1237666339189555238","18.17283","16.43535","15.75374","15.50331","15.39486","-2.748761E-05"
"1237663784205222000","20.00493","18.07911","17.36513","17.09169","16.97974","-0.0002048811"
"1237663784205221951","18.25293","17.01948","16.62638","16.42909","16.37083","-0.0005926851"
"1237663278472560775","18.83313","17.38302","16.94435","16.62255","16.51822","-0.0001211779"
"1237663204922097709","18.51656","17.53675","17.27063","17.16033","17.14985","-0.0009887709"
"1237663785278963753","19.07898","17.70723","17.22697","17.03255","16.97959","-0.0001162536"
"1237663204922163319","19.59949","18.12387","17.56149","17.32523","17.20026","-3.211197E-05"
"1237663204922163217","16.89438","16.01423","15.76874","15.66795","15.64864","-0.0007551429"
"1237663204922097676","18.82271","17.30061","16.70882","16.47877","16.3737","-0.0001891621"
"1237663785279029320","16.53286","14.97672","14.42289","15.36685","14.18778","-0.0001308728"
"1237663204922097739","16.75771","15.77778","15.46987","15.33226","15.31003","-0.0007347937"
"1237666340800168056","19.62564","18.14862","17.5622","17.35824","17.26143","-0.0001457735"
"1237663784205418588","19.56909","17.96856","17.3691","17.14059","17.02773","-0.0005882783"
"1237663784742223874","18.7477","17.792","17.51024","17.40997","17.35261","-0.0005096814"
"1237666339189686300","19.25465","17.80827","17.25838","17.03479","16.94413","-0.0005916048"
"1237663784742289466","18.68203","17.2005","16.5399","16.23162","16.05915","-6.386876E-05"
"1237666339726491708","17.17572","15.71741","15.15805","14.98989","14.938","-0.0001700372"
"1237666339726491802","19.35403","17.53853","16.78901","16.54554","16.41932","-8.828186E-05"
"1237663784205353013","18.30988","16.51859","15.83676","15.59188","15.44829","0.0001549603"
"1237663784742289444","18.68136","16.99687","16.37496","16.15646","16.016","4.589448E-05"
"1237666339726622838","19.09117","17.5685","16.96446","16.75919","16.66166","5.134433E-06"
"1237666339726557227","17.46547","16.0433","15.48563","15.27219","15.19682","0.0002854175"
"1237663784205418520","18.82014","17.78661","17.44791","17.32423","17.31032","-2.934249E-05"
"1237663784205353024","18.92045","17.6337","17.73755","17.83431","17.87361","-0.0006192984"
"1237666339726622744","18.56073","17.06655","16.44184","16.2275","16.13539","-0.0002330721"
"1237663784205418516","18.36245","17.07941","16.52257","16.30815","16.17583","-0.0002513384"
"1237663784205353048","18.5526","16.94076","16.36263","16.1601","16.07537","8.260505E-05"
"1237663784205418556","18.03168","16.32596","15.70453","15.48656","15.37903","-7.208027E-05"
"1237670014578065509","17.51027","16.22323","15.77729","15.62152","15.57617","-3.296597E-05"
"1237670014578065444","17.23898","15.74878","15.14438","14.93537","14.82701","-8.594146E-05"
"1237669766016073809","16.28115","15.11133","14.75459","14.638","14.63983","-0.0001063468"
"1237670015115067406","16.00003","15.0724","16.00098","13.71185","14.44734","0.0004355486"
"1237670014578130958","18.54755","16.99991","16.38752","16.17408","16.06993","-6.267202E-05"
"1237669765479202931","19.07265","17.64527","17.09712","16.90723","16.81934","-2.628144E-05"
"1237669766016139290","18.69289","17.26472","16.71938","16.51077","16.44514","-1.003211E-05"
"1237670015115067544","20.19109","18.504","17.77523","17.50126","17.36137","-0.000161129"
"1237669766016204890","18.85566","17.35332","16.76628","16.55352","16.46976","3.831754E-05"
"1237669766016139267","17.81852","16.83682","16.48402","16.33896","16.31877","-8.931691E-05"
"1237670015115001883","18.7182","17.19073","16.52424","16.30812","16.20146","3.466573E-05"
"1237670015115132992","19.34107","17.44786","16.79312","16.57378","16.48685","0.0001157493"
"1237669766016139270","17.45979","15.99354","15.45331","15.28062","15.23736","-3.849631E-05"
"1237669766016204857","17.49542","16.08934","15.55759","15.37031","15.31214","-0.0002034052"
"1237670014578131102","20.08898","18.42888","17.74849","17.48911","17.33955","-0.0002585636"
"1237670015114936340","18.63235","17.73165","17.39448","17.2449","17.22043","-0.0004534581"
"1237669766016204968","19.09899","17.25924","16.47957","16.17114","16.02566","1.462668E-05"
"1237670015651938558","20.13935","18.39757","17.72146","17.46063","17.32855","-0.000161821"
"1237670015652003913","19.63361","18.18592","17.58955","17.38802","17.28791","8.108227E-05"
"1237670015652003887","17.53584","15.79068","14.99027","14.63781","14.44531","-1.07646E-06"
"1237669766553075767","18.17582","16.73191","16.1852","15.99527","15.92684","-0.0001074704"
"1237669766553075770","18.30584","16.99926","16.49025","16.31614","16.2476","1.720258E-05"
"1237669766553206824","18.9834","17.38672","16.75102","16.50162","16.35983","-0.0001340086"
"1237670015652003876","16.47636","14.9441","14.38063","20.01798","14.10336","-4.776385E-05"
"1237669766553141415","19.53722","18.36983","17.82708","17.62823","17.50348","0.0001110261"
"1237670015652069520","19.42158","17.6797","17.01438","16.77624","16.65477","4.239119E-05"
"1237669767089946826","19.87964","18.26489","17.59394","17.33372","17.22686","0.0001599589"
"1237670015652003956","20.73268","18.37188","17.24082","16.77942","16.50382","3.249917E-05"
"1237670015651938562","19.42932","17.6126","16.94138","16.73541","16.63178","1.211599E-05"
"1237669767090012277","19.32178","17.66604","16.99354","16.72663","16.58097","0.0002494825"
"1237669766553075772","16.07666","15.03501","14.68047","14.56459","14.5448","5.148554E-05"
"1237669766553141339","20.27955","18.27122","17.55961","17.22979","17.10363","-0.0004058052"
"1237670015651938356","17.60045","16.12307","15.53365","15.31099","15.19612","-4.391914E-05"
"1237669766553206817","18.17915","16.62925","16.07773","15.89138","15.81161","-0.0001233927"
"1237670014577934366","19.11374","17.73124","17.21624","17.02421","16.92131","-7.923851E-06"
"1237670014577999949","17.64636","16.43782","15.89503","15.67358","15.57045","-0.0004044461"
"1237670014578065430","17.48701","15.87463","15.17559","14.8837","14.71938","-0.0005451212"
"1237669766016008198","17.85955","16.86189","16.5853","16.47468","16.46204","-0.0004384026"
"1237670014577999906","18.61058","16.69496","15.98504","15.74768","15.61983","-0.0002109624"
"1237670014578000045","19.49366","17.95011","17.39801","17.20146","17.11954","-5.738994E-05"
"1237670014578000021","20.83308","18.68214","17.72217","17.3308","17.12371","-0.000605289"
"1237670014578000024","19.63029","18.25554","17.73111","17.55087","17.46505","-4.913151E-05"
"1237670015114870947","20.18151","18.41244","17.75196","17.52392","17.44136","-0.0001968788"
"1237669765479137321","16.94305","15.62193","15.11346","14.93353","14.87051","7.820593E-05"
"1237666408458944620","18.28437","17.34087","17.02716","16.90471","16.89512","-0.0006186429"
"1237678617434325400","22.37517","22.20976","21.67876","21.7839","21.81585","-0.0004924632"
"1237663784213938640","23.63737","22.98864","21.54436","19.2928","17.9967","-9.384686E-06"
"1237657587096617249","21.00862","20.06276","20.0497","20.07387","20.19909","-0.0004307299"
"1237663784213872830","18.97996","18.14285","17.872","17.74252","17.76351","3.495609E-05"
"1237678437015487116","24.46183","22.46217","21.0346","19.76986","19.11681","8.181423E-06"
"1237663784750809630","23.2277","21.66115","20.28168","19.32218","18.72243","7.848218E-05"
"1237663784750743724","20.2859","19.1321","19.28515","19.4265","19.54753","-0.0005011854"
"1237663784750809128","21.48509","20.69869","20.20249","19.99277","19.95223","0.0002414866"
"1237657065793061453","22.38696","21.50245","21.3391","21.26063","20.90391","-0.0006568762"
"1237657066329932074","23.14928","21.75907","21.58105","21.73075","21.70359","-0.0003968664"
"1237679435063361976","22.88585","21.23708","21.05607","20.91916","20.49064","-0.000363333"
"1237657065256059159","22.18372","21.35081","21.29144","21.26898","21.81703","7.708801E-05"
"1237679434526228669","21.61396","20.74865","20.66852","20.54348","20.50614","-0.0002703312"
"1237657066329801072","24.9334","22.08226","21.38611","21.36829","21.02585","5.394013E-05"
"1237657066329735482","24.62268","21.97336","21.59062","21.0818","21.26315","-0.0007505074"
"1237679433452486708","18.94444","18.05881","17.79892","17.70589","17.68237","-0.001191957"
"1237657065792864481","21.37144","20.67796","20.36235","20.22884","19.81351","-0.0003076177"
"1237657066329735308","22.02661","21.44646","21.29527","21.13656","20.57806","-0.0001936792"
"1237679433989292521","23.29994","21.18575","20.7898","20.68587","20.58393","-0.0004639721"
"1237657065792733294","20.78357","19.70447","19.63995","19.59921","19.56469","-0.0006300838"
"1237679435062968450","24.62599","21.51506","21.10934","20.91545","21.58652","-0.0005937565"
"1237679433989226978","23.3167","21.41758","21.21689","20.99936","20.84944","-0.0006139194"
"1237669762262368924","23.94439","21.40201","21.00854","20.82578","20.64209","-0.00104228"
"1237669698911928650","24.24026","21.95204","20.25897","19.28767","18.3875","-8.109785E-05"
"1237669698911994405","22.18015","20.63922","19.97853","19.62627","19.14995","-0.0004187503"
"1237669697838121930","23.06548","21.16796","20.65136","20.46219","20.55519","5.225967E-05"
"1237669698375057923","21.12368","20.41788","20.07913","19.91457","19.67227","-0.001300149"
"1237669762798977095","17.58129","16.60402","16.26991","16.13673","16.08942","0.0001057935"
"1237669762798977058","18.53089","17.55574","17.18363","17.04308","16.9863","-0.0005763267"
"1237669763335979263","22.1252","20.95526","20.03891","19.12986","18.68591","-0.0001180207"
"1237669763335979303","19.05806","18.01732","17.60485","17.46865","17.4193","-0.0001310523"
"1237669698911797975","22.4943","21.7161","21.65709","21.94413","21.56341","-0.001342675"
"1237669763336045448","22.70128","21.93916","21.72981","21.77793","21.22188","0.0005606039"
"1237679008243188138","21.62509","20.53454","20.52299","20.42646","20.59629","-0.0003652375"
"1237667782296928807","23.91569","21.84996","21.70701","21.83028","21.33329","-0.001103589"
"1237667734507946189","23.83716","20.47964","19.33745","19.05001","18.80817","-0.0001114551"
"1237667782297059904","24.33134","21.98302","21.80411","21.88741","21.30058","-0.0006673872"
"1237667734508011549","17.3728","16.41583","16.09879","15.98001","15.96052","0.0002628935"
"1237667782296993993","21.23862","20.42183","20.37426","20.36787","20.37218","-0.0005163996"
"1237667734508077546","22.50719","21.99405","21.87306","21.80457","21.03502","-0.0007407952"
"1237667781760123133","21.24043","20.64332","20.61181","20.53809","20.76399","0.0001262431"
"1237667781223252154","22.4457","20.87931","20.63314","20.60249","20.29084","-0.0002284113"
"1237667733971206370","21.48481","20.66287","20.44871","20.46793","20.1413","0.0003068282"
"1237667781760319492","18.62425","17.65165","17.35639","17.26586","17.25085","0.0004817658"
"1237667782297845984","22.06376","20.585","20.34377","20.20345","20.07759","-1.917165E-05"
"1237667782297715214","24.2532","21.34613","21.08816","21.02395","20.82296","-0.0001466319"
"1237657855531679937","20.30962","19.22046","19.02697","19.0638","18.98435","3.483535E-05"
"1237657856068550686","18.15962","17.28284","17.00339","16.87414","16.85253","-0.0002425578"
"1237657856068551227","23.39546","21.64869","21.52596","21.49051","22.27146","-0.0004969059"
"1237657856068419868","21.93919","21.20304","21.08329","20.86786","20.88223","-0.0003828958"
"1237657628986376510","21.89151","21.32717","21.22422","21.11298","21.21199","-0.0002342899"
"1237657856068485379","21.0075","20.49918","20.40209","20.34036","20.37745","0.000418321"
"1237657629523247189","19.70809","18.7778","18.60537","18.43353","18.36169","0.000559866"
"1237657630060314692","24.63467","21.41371","21.47556","21.02055","21.47154","6.356694E-05"
"1237657630060249114","19.11657","18.2414","17.92606","17.80392","17.79416","0.0001663929"
"1237657857142423807","21.50549","20.93518","21.23578","21.31542","20.9864","-0.0002561019"
"1237657629523509470","21.31318","20.49031","20.21973","20.02825","19.79206","-0.0001195818"
"1237648720706404610","25.54217","22.45241","20.71709","18.10061","16.58961","-1.658796E-05"
"1237648703514280167","20.95054","18.25921","16.60979","16.08677","15.81086","0.0003178438"
"1237648704051281934","18.61887","17.66458","17.35265","17.22541","17.19544","-4.045782E-05"
"1237648704051216386","17.12356","15.89173","16.05015","16.18847","16.27298","-0.0001280625"
"1237651504345710638","19.21556","18.23528","18.1175","18.0548","18.17689","-0.0001108795"
"1237674601603792933","16.77893","16.34833","16.53637","16.7187","16.95675","1.043275E-05"
"1237674601603858465","19.01135","17.71882","17.22253","17.00442","16.89698","-0.000214612"
"1237674601603858587","20.05704","18.98308","18.98017","19.03198","19.10094","-0.0003354948"
"1237648722316951613","17.68811","16.41673","16.40149","16.43703","16.47826","0.0005294185"
"1237651224635441509","19.42646","18.03448","17.4212","17.23655","17.14903","-0.0004121205"
"1237651211213799473","19.55641","16.92264","15.70509","14.98715","14.55627","1.987592E-05"
"1237651225172115518","16.82211","15.79574","15.39437","15.22873","15.16315","-0.0005450103"
"1237651211750736033","19.54776","27.75172","17.26072","15.72419","15.83493","-8.280328E-05"
"1237651212287410351","19.18276","17.94336","17.41386","17.19751","17.12987","-7.995129E-05"
"1237651212287279179","17.15598","16.04664","15.91026","15.91429","15.93358","-0.0003495017"
"1237651212287476153","20.34104","17.9366","16.78007","16.34858","16.08586","-8.048856E-07"
"1237651212287541334","24.51686","23.54197","21.74804","20.50286","19.85046","-0.000577545"
"1237651225172443367","18.2978","16.64903","15.97875","15.73619","15.62496","-0.0001395083"
"1237651225172508766","22.22357","20.1678","19.04315","18.61927","18.41261","-0.0002106005"
"1237651212824150224","19.2481","18.32942","17.93731","17.77318","17.762","-0.0003337667"
"1237651212824346674","20.47178","18.63024","17.81468","17.82388","17.68338","-7.502858E-05"
"1237651212824215604","18.97197","16.98704","16.09732","15.70758","15.54718","-0.0001106037"
"1237651225172509154","24.91372","22.00365","20.73156","19.65917","19.25824","-6.365657E-05"
"1237651225172574988","24.09639","21.90988","20.92756","19.69656","19.02115","-0.0001028877"
"1237666407922663601","19.73079","19.25987","19.30649","19.41977","19.62868","0.0001504982"
"1237663783140458773","18.38033","16.59847","16.1341","16.14565","15.76963","0.004153254"
"1237663783677461599","24.12547","24.64976","22.82502","20.01889","18.31005","-5.762242E-05"
"1237651252021297216","19.37803","18.24698","17.91816","17.76456","17.7649","-8.748836E-05"
"1237651533334249618","21.61392","19.16247","17.6997","16.64334","16.0328","-9.436472E-05"
"1237651252557971682","18.80648","17.06573","16.33289","15.97931","15.72347","6.297416E-05"
"1237651271885914323","19.36928","18.27114","17.8964","17.74891","17.6868","-9.800248E-05"
"1237651495223951543","19.0532","16.56047","15.45184","14.97879","14.82943","-5.217913E-05"
"1237651271886241822","18.83266","17.70882","17.35134","17.22608","17.2091","6.832003E-05"
"1237651271904198667","17.29535","16.06901","15.85902","15.76887","15.76853","-0.0003875304"
"1237651271903871059","17.95557","17.02448","16.65387","16.51386","16.47416","-0.0003734181"
"1237651538178670689","18.74775","17.52313","17.03533","16.84402","16.75975","-0.0006286321"
"1237651271367131376","20.37515","19.95105","20.17978","20.29593","20.6263","-0.0005816134"
"1237651538178539569","18.3629","17.20604","17.13596","17.15171","17.22922","-0.000211428"
"1237651540326285681","25.01122","22.92819","20.97518","19.00499","17.93028","-1.066151E-05"
"1237651539789152510","25.06536","20.78041","19.21406","17.28954","16.26069","-5.915443E-05"
"1237651539252347245","24.37047","23.08297","21.32293","19.17314","17.97051","-8.441111E-05"
"1237651538715344943","18.68632","18.16647","18.37249","18.42919","18.17347","-7.631983E-05"
"1237651273514221877","20.55638","20.22033","20.29777","20.65572","20.64301","-0.0005996474"
"1237651538715344911","18.91647","18.00874","17.71537","17.62387","17.57339","-0.001422852"
"1237654390032892003","17.20348","16.10642","15.73863","15.59575","15.56294","0.0001834229"
"1237654390032957459","18.38797","17.09891","16.62963","16.46119","17.53485","-0.0001066564"
"1237653588484882444","17.197","16.19318","15.88597","15.76235","15.73153","-2.494311E-05"
"1237653588484882697","19.38112","18.32327","17.90496","17.71298","17.67487","-0.0001474147"
"1237654390569763225","20.91157","20.41234","20.55112","20.68153","20.53455","0.0004116716"
"1237654391106699946","24.16506","21.76953","20.65277","20.26863","20.37272","0.0002021516"
"1237651190282060442","24.86972","22.71758","21.15114","19.19786","18.09394","5.777575E-05"
"1237651250409898037","18.21814","16.96774","16.67636","16.6053","16.60762","-4.537785E-05"
"1237651190282190995","20.4482","19.96166","20.10201","20.26705","20.76339","0.0002494108"
"1237651250410160958","24.75895","23.32224","21.28493","19.49673","18.47206","-0.0001922663"
"1237651250409701861","22.77524","20.03417","18.84168","18.46072","18.25145","1.354607E-05"
"1237654392180965719","20.66787","20.55653","20.38652","19.57783","19.05213","-0.0001941803"
"1237651190281798055","22.50027","20.12835","19.20978","18.87961","18.66617","-0.000277876"
"1237651190281797867","19.58388","17.39158","16.50745","16.21507","16.05365","4.521615E-05"
"1237654392180572383","20.39383","19.2802","19.0829","19.00696","18.99618","-3.277446E-05"
"1237651190281798107","23.34768","22.51855","21.08792","19.04788","17.99901","5.776149E-06"
"1237654392180768958","20.4684","20.06628","20.05651","20.05153","20.05419","-0.0008675595"
"1237654392180703953","24.7224","22.87844","21.26948","19.4845","18.44812","-0.0002895072"
"1237654383585067231","19.07269","17.46644","16.63811","16.26097","16.04512","-6.470738E-05"
"1237654874824769573","18.36739","17.17429","16.69499","16.51596","16.40781","-0.0007742933"
"1237654398620336253","19.41534","18.67412","17.98649","17.57939","17.29842","-0.0001816452"
"1237654874824507431","18.47333","17.38455","17.00337","16.88369","16.82343","-0.0002979138"
"1237654874824507551","24.23153","20.76976","19.21392","18.71494","18.51884","-0.0007585495"
"1237654398620139593","18.59986","17.3767","17.33322","17.38288","17.45259","2.444242E-05"
"1237651067354153089","21.40155","18.78654","17.69268","17.29782","17.0623","-9.114954E-05"
"1237654610679693331","19.24593","18.03841","17.58257","17.41604","17.34794","-0.0002588889"
"1237651066280214560","18.51325","17.44279","16.99353","16.79594","16.71326","-0.0009075888"
"1237651067354284193","17.32013","16.47017","16.1445","16.02696","15.99944","0.000126002"
"1237654610679759022","20.29019","18.46502","17.74727","17.47995","17.342","-1.038659E-05"
"1237652947989102724","19.33742","18.86477","18.8384","18.90346","19.03984","-7.150909E-05"
"1237652949062910041","20.54186","19.2142","19.16736","19.22644","19.28786","-0.0005115303"
"1237652948525842569","18.65574","17.56517","17.18996","17.05001","17.00542","-7.078934E-05"
"1237652901285331074","19.70538","18.46505","17.98106","17.79729","17.69526","6.94366E-05"
"1237652947989299306","19.28556","18.2196","17.79879","17.63906","17.5538","-4.691157E-05"
"1237652901822398563","20.02009","18.26907","17.63371","17.43927","17.67302","-0.004019502"
"1237652946916605955","18.7246","18.27738","18.38479","18.47462","18.7425","-5.503089E-05"
"1237672793425379371","18.40611","17.50539","17.20053","17.09144","17.0559","-0.0002045021"
"1237648721755177052","21.89445","19.80111","18.1075","17.5056","17.14044","-3.243158E-05"
"1237651801234800708","21.64637","18.77251","17.2866","16.22622","16.42473","-0.0001545064"
"1237648722291785790","19.98023","19.01503","18.49778","18.57577","18.49931","0.0004850904"
"1237648722291851712","23.53773","21.70916","19.97484","19.41985","19.22782","0.0008911824"
"1237651801771737302","19.32804","18.35988","18.07969","17.99073","17.99451","0.0005617921"
"1237648722322980967","17.92701","16.83425","16.4437","16.30341","16.26301","0.0001205319"
"1237655693551992921","24.63464","20.25043","18.94418","17.08384","16.62059","-7.196792E-05"
"1237648703521554443","18.34138","18.38044","18.66985","18.91562","19.13387","3.8706E-05"
"1237648703521292624","19.30395","18.21375","17.79748","17.63016","17.56896","-3.864942E-05"
"1237648704058425563","20.98137","18.75268","17.78893","17.43885","17.21639","-5.44861E-05"
"1237655693551730771","18.99049","17.7628","17.32509","17.16847","17.11466","-0.0003891449"
"1237678881544536387","20.76645","19.81904","19.36819","19.18954","19.14529","-0.0009604168"
"1237656567046209899","20.45291","19.3532","19.17526","19.11799","19.14546","-0.0005731953"
"1237663542609379699","22.52292","20.4587","19.21121","18.71892","18.39954","2.411103E-05"
"1237656568119951635","19.39523","19.38799","19.61902","19.84811","20.07923","-0.0001083653"
"1237656567046079383","25.28304","21.94227","20.49424","19.19398","18.47517","-8.479429E-05"
"1237656567582949658","21.2505","19.83941","19.28587","19.05193","18.93572","-0.0003261148"
"1237663542609248642","22.23267","20.51571","19.04351","18.21091","17.72853","3.572874E-05"
"1237656568119885860","24.34438","21.15556","19.6397","18.7252","18.33291","-0.0002613485"
"1237663542609248538","20.40821","19.23417","19.23573","19.23245","19.22142","-1.189947E-05"
"1237656567045947431","17.83184","16.62673","16.77466","16.879","16.94925","-0.0007975551"
"1237656567045947920","21.64488","20.19678","19.43455","19.11647","18.95737","-0.0001277916"
"1237657189818237246","20.93156","18.20267","16.89458","16.36361","16.05744","-9.437336E-05"
"1237663542609183043","24.8257","22.14904","20.60737","18.99945","18.14747","-0.0001055595"
"1237656568119820457","22.86096","19.84784","18.72763","18.32932","18.16941","-0.0001490126"
"1237656568119755141","24.56786","22.13342","20.63255","19.20584","18.53447","-0.0001072264"
"1237656567582818362","16.49785","15.26293","15.24088","15.27186","15.34282","-0.0003951406"
"1237656568119689576","19.31427","18.20885","18.14881","18.36676","18.27321","-7.03553E-05"
"1237663542609117540","20.3599","19.07688","18.75423","18.66419","18.70293","-0.0003817025"
"1237663542609117340","18.37143","17.39637","17.02936","16.86739","16.82667","-0.0001845302"
"1237663542608986455","19.2949","17.93347","17.93272","17.96279","17.96815","-0.0003809232"
"1237663542608986317","20.0347","18.92638","18.83227","18.86156","18.83447","-0.0005055092"
"1237663784218132546","22.36989","19.52949","18.08038","17.00454","16.42471","0.0001653947"
"1237652900766744757","20.76964","19.62171","19.27013","19.16805","19.25688","-0.0003087413"
"1237679338961961129","20.42115","19.89717","19.99036","20.03218","20.46846","-9.030109E-05"
"1237653472517882076","20.6074","20.3026","20.47809","20.61279","20.9938","-0.0001400885"
"1237652901840879699","18.95383","17.75899","17.92757","18.06271","18.10958","-0.0003528399"
"1237652901303681269","20.84705","20.43873","20.618","21.00136","20.90039","-0.0003904421"
"1237653471980814520","24.39342","22.00378","20.25039","18.11674","16.95824","0.0001229132"
"1237652901303877703","20.5517","19.39162","19.13899","19.05345","19.11242","0.0004138722"
"1237649962989387933","23.73928","21.84306","20.34451","18.47634","17.32678","-8.604243E-06"
"1237649962989453624","23.42869","22.7885","21.18182","19.20963","18.02291","1.531714E-05"
"1237649962989453320","17.29439","16.85183","16.83959","16.27645","15.66171","0.0002014934"
"1237649962989387793","27.48712","17.71501","23.03524","17.58676","25.58656","0.0002942529"
"1237652900767138001","22.36891","21.85637","20.24688","18.33907","17.27639","0.0001015612"
"1237652901841010727","19.88081","19.4508","19.35907","18.77203","18.27039","0.0001262959"
"1237679338962157617","19.80248","19.58603","19.71328","19.9713","20.17315","1.393317E-05"
"1237649962989584390","17.92778","16.6738","16.76995","16.88689","16.94992","-0.0001309873"
"1237649962452648069","24.5623","21.84488","20.32663","18.29723","17.18455","0.0001064897"
"1237652900767334482","16.92983","15.92726","15.60161","15.47201","15.46045","0.0006850567"
"1237652901304270867","17.51468","16.18233","16.24978","16.34851","16.40474","0.0005336588"
"1237654028719227096","28.81771","17.10925","16.56733","16.36541","16.27926","6.970454E-05"
"1237651752934113307","18.19497","17.16262","16.77717","16.60953","16.5698","0.0001361335"
"1237651753470853223","17.55042","16.68936","16.33303","16.17355","16.11464","-0.0001560778"
"1237654029255704606","17.86786","17.62986","17.66417","17.66436","17.69855","0.0002190598"
"1237651752396914808","17.21646","16.07906","15.69426","15.56155","15.52914","0.0003284775"
"1237654028718964789","20.11844","30.0189","18.76745","18.62608","18.63302","0.0001691721"
"1237654605855850671","20.61934","19.43091","18.99754","18.82706","18.80232","-7.698582E-06"
"1237654601561014391","17.51637","16.39203","16.00579","15.80205","15.67113","0.0001273908"
"1237654605319045122","18.16051","17.10373","16.75511","16.63371","16.60292","-0.0001424095"
"1237654601561080047","20.51189","18.44408","17.56853","17.23219","17.01411","3.234876E-05"
"1237653665794293810","18.59786","17.28208","17.38563","17.49736","17.56101","0.000322779"
"1237653665794229088","24.10253","24.24851","22.16941","19.79528","18.12251","-6.43976E-05"
"1237654599951450275","19.65326","18.53487","18.61017","18.67099","18.75332","-0.0003183309"
"1237654604246286487","20.15064","19.67724","19.76354","19.77134","19.88486","4.592286E-05"
"1237654600488255789","20.21751","20.22617","20.59372","20.80884","20.87884","-0.0002966782"
"1237654604246090188","22.36899","21.62715","21.27245","20.51712","19.81092","0.001807765"
"1237654604246221085","20.49837","20.31005","20.56415","20.96337","20.82892","0.0001951667"
"1237654599951450476","20.29968","20.46524","20.81782","21.25507","21.60177","-0.0002661455"
"1237654604246220919","19.31898","18.18777","17.80109","17.66804","17.62956","0.000249757"
"1237654600488321030","19.13464","17.82831","17.85579","17.91068","17.98713","0.0002486427"
"1237654604783157391","19.66047","18.53299","18.55739","18.59948","18.61084","0.0005407289"
"1237654605320028711","23.95886","22.36228","20.91943","19.39546","18.56382","0.0001290198"
"1237654604783289070","24.91745","24.59166","22.35044","20.18324","18.67668","0.000215827"
"1237654600488059867","25.14021","23.68554","23.11048","20.53106","18.9248","0.0001895475"
"1237654600488124473","18.24897","17.22779","16.9024","16.77495","16.75843","0.0001627201"
"1237654605319962941","25.83122","23.83271","21.53849","19.01797","17.57027","-8.608832E-05"
"1237654605319897149","17.7454","16.57976","16.65248","16.75217","16.8493","0.0002164061"
"1237654605319831797","24.26828","22.07656","20.51584","18.43675","17.28183","2.946761E-05"
"1237654600487862537","24.28091","21.05521","19.57747","18.87097","19.26549","7.793286E-05"
"1237654605319766033","18.82575","17.64099","17.06956","16.56746","16.22896","-4.8244E-05"
"1237653665793900580","18.69686","17.65712","17.21373","17.05139","16.99258","0.0001245259"
"1237654949450416245","16.60824","15.51284","15.39514","15.42133","15.47931","-0.0002456444"
"1237651538724519969","19.31257","18.17734","18.1595","18.2374","18.30106","-0.001037697"
"1237651538187715310","24.13579","22.22527","20.42484","19.23624","18.44527","-0.0001494663"
"1237651538187649334","22.53518","20.56857","19.71625","19.47355","19.95883","-0.0009196783"
"1237654948913545239","18.66845","17.79613","17.48106","17.35263","17.30136","-0.0006934569"
"1237654948913414301","24.1258","24.583","18.70331","25.14377","22.5747","-0.003115592"
"1237654948913414165","17.95021","17.01658","16.69924","16.5854","16.56598","-0.0005727215"
"1237651538187976757","19.05136","18.08134","17.81184","17.69755","17.69394","-0.0005452755"
"1237654948913807369","16.34876","15.16947","15.16417","15.19574","15.23744","-0.0002003717"
"1237648721215816394","23.37505","21.05573","20.06845","19.68802","18.99398","0.000385456"
"1237650795682988170","19.10081","17.83195","17.27917","17.0898","16.98027","0.0003758192"
"1237650795682988135","18.4085","17.16402","16.95854","16.87708","16.88028","0.0006633649"
"1237648720678813718","16.94769","15.68956","15.6881","15.73242","15.80791","-0.0003828644"
"1237650795682922628","17.65463","16.52501","16.14332","15.99839","15.95519","-0.0001019948"
"1237651799622680623","19.64516","18.46974","17.96894","17.93103","17.75591","0.0002441445"
"1237650795684167831","17.72202","16.56575","16.15912","15.99926","15.95605","0.0003602553"
"1237648721216864346","17.55001","16.26476","15.71965","15.58172","15.51661","6.80852E-05"
"1237651799622549759","22.58308","20.19563","18.79206","18.19383","17.81592","6.838652E-05"
"1237650795147034650","18.987","17.66152","17.23423","17.0581","16.97153","0.0003561869"
"1237648720679731356","20.14039","19.02472","18.90889","18.94321","18.95576","0.0002325052"
"1237648720679731206","17.6466","16.46979","16.05476","15.90236","15.79842","0.0002479524"
"1237650794609967319","22.08754","19.27412","17.8539","16.9868","16.50531","0.0001258202"
"1237650795146772611","19.92295","18.63192","17.99677","17.829","17.67813","-0.000107002"
"1237648720142729345","18.1613","17.03791","16.63783","16.51234","16.4349","0.0004456736"
"1237650796220645482","18.42059","18.48429","18.83872","19.11143","19.35358","-0.0001549117"
"1237651801233752349","22.52952","21.93192","21.28724","18.83464","17.55248","3.392488E-05"
"1237648721754194301","23.85165","20.90929","19.43042","18.91536","18.00374","0.0001790763"
"1237651801770950678","18.93571","18.53748","18.70605","18.91966","19.07875","-8.633265E-05"
"1237648722291327202","20.24182","18.6184","17.93751","17.65176","17.45111","0.0003275427"
"1237648722828066974","22.43314","20.43366","19.24841","18.70496","18.40067","0.0001775536"
"1237648721754914828","18.73226","17.57862","17.17062","17.02535","16.97343","-0.0001214392"
"1237648721754914965","21.38095","18.66405","17.33795","16.76271","16.42414","8.311631E-05"
"1237648722828591174","18.03662","16.98351","16.61516","16.47126","16.44409","0.0004934645"
"1237651801235718170","18.54814","17.38242","17.10369","17.02532","17.02097","0.0008099145"
"1237651752388067339","19.87263","18.47583","17.96686","17.76502","17.8837","0.0005308411"
"1237651752388132923","18.02394","16.94776","16.49885","16.3174","16.25291","1.12422E-05"
"1237654671347679384","20.87202","19.55585","18.98071","18.7475","18.63784","0.0002309681"
"1237654670811005004","18.21126","17.29839","16.94389","16.82313","16.78694","-0.0001201667"
"1237651799625695343","18.35343","17.08666","16.61223","16.43536","16.39014","0.0001219649"
"1237648720146071630","18.35593","17.09747","16.64147","16.46803","16.40856","0.0001067419"
"1237654669737984215","22.22512","19.25106","17.81779","16.94222","16.52821","5.919856E-05"
"1237648721220009986","19.13087","17.76954","17.2544","17.02957","16.9635","1.212332E-05"
"1237654669200785552","20.3904","18.04935","16.99902","16.60476","16.32967","0.0001157494"
"1237648720682942495","18.91792","17.81902","17.76109","17.75961","17.79639","3.180137E-05"
"1237648721219879128","20.68734","18.32072","17.31654","16.92328","16.70835","5.331401E-05"
"1237651800699437193","19.22426","18.12488","18.03693","18.07181","18.15064","0.0008087558"
"1237654668663849097","17.41231","16.3163","15.92389","15.75217","15.69542","0.0002359598"
"1237648722293620969","22.62826","20.12755","18.60081","17.82628","17.36308","0.0001528032"
"1237648722830754122","21.6129","20.8898","20.63954","20.05179","19.45436","-0.0004407459"
"1237648722293948593","19.60349","18.00184","17.42548","17.25718","17.18861","-8.780402E-05"
"1237648721757077512","17.59656","16.45986","16.03699","15.87612","15.83298","0.000271729"
"1237648722294013956","18.27549","17.13985","16.75728","16.6209","16.55912","0.0003122729"
"1237654670276558877","17.69299","16.46461","16.34915","16.36364","16.42924","-2.774213E-05"
"1237654669203210947","25.06498","22.6612","21.20897","20.08954","19.36806","0.0004848106"
"1237654669203341319","18.27757","17.11443","16.70599","16.57374","16.5323","0.0003900467"
"1237654668666404896","18.07006","16.73158","16.85902","16.9705","17.02494","0.0005643345"
"1237654669203472388","18.8123","17.73496","17.32841","17.1848","17.15741","6.622531E-05"
"1237654669203079215","22.35818","19.41088","17.83388","17.24004","16.9135","-2.411012E-05"
"1237654669740212263","22.36484","19.98268","18.9258","18.07955","17.68788","0.0001853075"
"1237648720148168875","18.95628","17.73277","17.2434","17.04211","16.96518","-0.0002425783"
"1237648721759240361","19.65659","18.85763","17.65486","17.44869","17.343","0.0003738052"
"1237654671351021738","19.71706","18.44161","18.15666","18.05176","17.99267","0.0008635902"
"1237648721759436834","17.87611","16.75256","16.37082","16.23594","16.18406","-3.347722E-05"
"1237648721759567898","17.84553","16.82906","16.75385","16.88843","16.94442","0.000211516"
"1237654670814347310","16.0447","14.9417","14.42419","14.80841","14.66638","0.0006531103"
"1237654670814412924","19.14672","17.88664","17.63626","17.57507","17.54032","0.0006842613"
"1237654670814478466","20.11495","17.50846","16.41219","16.01455","15.81732","0.0001088934"
"1237654671351349403","20.87204","18.39154","17.19805","16.63841","16.30997","0.0002333385"
"1237648722833375273","18.09561","16.98192","16.5934","16.46099","16.39521","6.930115E-05"
"1237648722833310158","24.38751","22.69461","21.44798","19.48981","18.78668","0.000182628"
"1237648720142008421","17.69156","16.58506","16.22235","16.07985","16.03837","1.640591E-05"
"1237650794609246297","17.90064","16.65559","16.80802","16.93402","17.00518","0.0004925642"
"1237648720679142200","25.76917","25.63642","23.77638","20.47627","18.86558","2.843799E-05"
"1237648721216013037","22.77478","21.6875","20.04008","19.85975","19.10768","-0.0001260783"
"1237650796757319859","19.44095","18.30838","18.26834","18.29951","18.37789","1.36942E-05"
"1237651801769705649","18.06862","17.64849","17.93636","18.07474","18.33906","0.0001449878"
"1237654669198295120","21.56305","19.2012","17.76762","17.11802","16.75748","0.0001006776"
"1237648720143188043","18.49726","17.37068","16.97899","16.84624","16.80118","0.0004589118"
"1237654670272036870","18.75909","17.62951","17.23588","17.07592","17.06839","3.180645E-05"
"1237648720143122475","19.17664","18.8283","18.88975","18.99784","19.1014","0.0001417175"
"1237651800696684677","16.84267","15.38513","14.86922","14.71534","14.67066","-1.568407E-05"
"1237648721217192123","18.839","17.64321","17.20511","17.02151","16.93655","-7.009811E-05"
"1237651800696815710","16.66801","15.50804","15.0945","14.87155","14.92805","-3.127029E-05"
"1237654668661227698","17.49508","16.2529","15.84256","15.68872","15.61308","1.175856E-05"
"1237651799622746339","23.28989","20.58273","19.08063","18.12562","17.58626","0.0001166087"
"1237650795146969228","18.52258","17.21311","16.70136","16.52276","16.47482","0.0001508287"
"1237654669198164195","22.26375","20.26228","19.54642","19.25258","19.2302","0.0005035414"
"1237650795147100191","17.97881","16.86188","16.79324","16.81605","16.87779","0.0009542352"
"1237648721216602187","18.29455","17.20199","16.81515","16.66636","16.57445","0.000308713"
"1237650796220907539","19.26138","18.0163","17.56752","17.41392","17.37289","0.0002862855"
"1237648721216864268","18.97237","17.87571","17.46435","17.30884","17.24508","0.0003747845"
"1237648722827673731","20.49205","18.77278","18.09857","17.84011","17.71559","0.0001013369"
"1237650797294518292","18.59706","17.46624","16.98057","16.8082","16.71923","0.0002941015"
"1237648722290737292","17.9833","17.04811","16.76991","16.65887","16.62674","0.0001101891"
"1237648722290802731","18.05606","17.08389","16.75074","16.62018","16.57691","0.0007196802"
"1237654670808711328","16.46055","15.19484","14.76574","14.63652","14.59147","0.0001790935"
"1237651801770098842","22.27413","19.80785","18.23752","17.2207","16.67669","3.267267E-05"
"1237648721753669734","18.05346","16.95197","16.56443","16.43572","16.37421","-0.0002504624"
"1237648722291261897","23.75014","22.41916","20.88963","19.59113","18.87274","-0.0001425511"
"1237648721754718224","18.98954","17.9579","17.60297","17.46679","17.42479","0.0004329855"
"1237648721754521615","18.80408","17.61606","17.17328","16.99956","16.94129","4.658951E-05"
"1237648721754915264","23.93062","22.26128","20.88265","19.57511","18.86669","-4.047444E-05"
"1237651801771343962","16.99968","15.92196","15.50835","15.37885","15.32493","0.0004835316"
"1237648722829377610","19.03805","17.84976","17.41841","17.26789","17.18525","-0.0002738982"
"1237651752387674306","23.42054","19.97725","18.28948","17.27371","16.68748","-0.0001174547"
"1237651801235193888","18.10327","17.59052","17.74613","17.88303","18.13391","-0.0001347541"
"1237648721218961430","17.35868","16.26491","15.91327","15.79312","15.79815","-8.446973E-05"
"1237648721219092504","17.88942","16.55713","16.10999","15.9643","15.89903","-0.0001454137"
"1237651752387870895","20.35806","18.5852","17.86415","17.62502","17.47153","-0.0002217037"
"1237651752387936565","21.21661","20.08164","19.70683","19.57232","19.4841","0.0007342679"
"1237648722829443211","19.20716","18.04355","17.51539","17.29384","17.18084","0.0002088621"
"1237654669201178809","19.34693","18.04756","17.49198","17.25258","17.13416","0.0007171294"
"1237651800162893888","16.99458","15.89485","15.5403","15.39632","15.37242","0.0004349816"
"1237651800699502614","17.46596","16.37214","16.02768","15.90383","15.90213","8.981232E-06"
"1237648720683008160","19.59516","17.68057","16.86682","16.57762","16.40996","8.310878E-06"
"1237651800699633749","21.65613","19.47689","18.40982","18.03019","17.80568","3.901864E-05"
"1237654668664111232","19.2604","18.83144","18.871","18.94983","19.03333","2.591361E-05"
"1237654670274592772","18.67618","18.17216","18.32072","18.46478","18.81606","0.0003305406"
"1237648720682876959","18.95974","17.94345","17.58205","17.43977","17.39056","0.0009398519"
"1237651800162500707","22.22547","19.74017","18.53469","18.01307","17.78328","0.0003794937"
"1237651752388788260","18.13917","16.86941","16.39452","16.24475","16.20316","-3.586274E-05"
"1237654670812971019","17.60185","16.44489","16.0355","15.89363","15.83241","0.0003201954"
"1237654670276034657","20.32024","19.86125","20.05687","20.30732","20.58231","-0.0001503483"
"1237654670812971804","24.89819","23.4007","23.09395","19.78455","18.35134","3.928592E-05"
"1237654670813036569","18.37732","17.29697","17.16619","17.17923","17.18468","0.001061064"
"1237654670812971179","19.94736","18.8437","18.61631","18.54066","18.58321","0.0002866423"
"1237651752390164526","16.61461","15.34073","15.38575","15.42507","15.45481","-0.0002876279"
"1237648722831868017","20.26751","19.15252","19.02924","19.00291","19.04558","0.0002798447"
"1237648722294931610","19.73833","18.54554","18.47995","18.49683","18.55868","6.82246E-05"
"1237651752390164564","19.83998","18.83138","18.62778","18.57713","18.59222","0.0006278482"
"1237654670813102165","18.89454","17.8078","17.64339","17.61766","17.63338","0.0007962735"
"1237651752390361275","23.80375","21.7942","20.21309","19.05754","18.33543","1.72398E-05"
"1237648722295062633","17.89702","16.88423","16.63092","16.55843","16.54659","-2.80691E-06"
"1237648721758388525","19.71611","18.60229","18.17072","17.99231","17.94616","9.681891E-05"
"1237648721758323027","19.30549","18.14503","17.95158","17.93145","17.95916","0.0001323612"
"1237654671350038627","19.27258","17.98267","17.68764","17.59704","17.49668","0.0008300918"
"1237648722295259148","17.56835","16.5251","16.31972","16.25974","16.25105","0.0003574246"
"1237654671350038597","19.54655","19.03401","19.07618","19.16894","19.24053","0.0004983441"
"1237648720148627466","17.70329","16.55611","16.16728","16.03067","15.9742","-0.0002170395"
"1237648720685563944","19.04517","17.87662","17.49664","17.37287","17.33316","6.10283E-05"
"1237654670277149493","25.78578","24.90726","22.44501","20.02914","18.47425","3.934705E-05"
"1237654669203210536","19.7299","18.56296","18.09961","17.9246","17.88528","7.951858E-05"
"1237648721222238918","23.62541","21.38402","20.07035","19.46944","19.12795","-5.502226E-05"
"1237651752391213210","18.95843","17.9056","17.53971","17.3859","17.28878","0.0003393554"
"1237648722832982331","23.637","20.83917","19.15947","18.08285","17.49389","0.0005669235"
"1237648721758912629","17.87268","16.59117","16.65161","16.7172","16.75249","0.0001512999"
"1237648722832982262","19.52762","18.34265","18.41109","18.50452","18.4938","0.0008601388"
"1237654670813888640","18.51908","17.305","17.13683","17.08788","17.08091","0.0006783394"
"1237650796220252547","22.4147","21.85908","21.43992","20.39782","19.50966","0.0003283003"
"1237648721753079825","18.261","17.1095","16.60116","16.39906","16.30808","0.0008870953"
"1237651752921989167","17.27724","17.16069","17.53521","17.81269","18.04781","-3.489032E-05"
"1237650797294059539","18.57691","17.09036","16.87376","16.81978","16.76803","0.000312962"
"1237650796220383270","19.13264","17.85274","17.31403","17.08397","16.97328","0.001112312"
"1237651752385249327","18.82058","17.57324","17.00532","16.7718","16.61172","-0.0001887061"
"1237648721217847549","22.89345","20.52293","18.87193","16.53208","15.28072","-4.053389E-05"
"1237651799623532547","16.31545","14.94053","14.4471","14.27351","14.2286","-7.321851E-05"
"1237648720680648799","18.35922","17.17594","16.71875","16.54131","16.47968","0.0001018505"
"1237648721217454458","23.93341","21.30485","19.79757","18.94859","18.46454","6.128928E-05"
"1237648720680976395","17.9622","16.75843","16.2384","16.01933","15.92306","0.0006346286"
"1237654669735362869","21.80441","19.31694","17.91533","16.96322","16.4431","8.115198E-05"
"1237651752923365433","18.36897","17.38656","17.08591","16.97711","16.95391","0.0009693949"
"1237651800700223614","18.69099","17.509","16.97835","16.72907","16.62308","0.0009084994"
"1237654668664569929","19.14013","18.12137","17.81142","17.70382","17.65718","0.0006503264"
"1237654668664569879","18.42685","17.44692","17.1624","17.04406","16.98875","0.000824061"
"1237651799626219617","20.64607","19.62866","19.23873","19.07969","18.99956","0.0009197053"
"1237648720146596052","19.67206","18.24395","17.71602","17.51831","17.37658","-0.0001585595"
"1237651800700223583","19.09336","17.95736","17.50762","17.35088","17.25573","-3.953706E-05"
"1237654668664504329","18.44062","17.10099","16.54119","16.32747","16.22194","0.0004760411"
"1237654668664439040","20.41852","18.67162","18.04442","17.82761","17.69387","0.0002404387"
"1237648720146399490","22.00746","19.25332","17.96785","17.41692","17.09507","-0.0001092642"
"1237648720683532302","20.40484","19.27827","18.84236","18.68185","18.69153","0.0008591572"
"1237654669738311919","20.63176","19.55658","19.15943","18.92395","18.86047","0.0005513447"
"1237651800699961479","21.29862","19.14685","18.28459","17.96222","17.85449","0.0003809686"
"1237648720683335739","17.27215","16.10804","15.67583","15.50102","15.43411","0.0006438958"
"1237648720683270838","24.45593","22.94798","22.01388","19.69589","18.41971","0.0001386708"
"1237674650457800895","19.15348","18.00579","17.49173","17.26126","17.19476","0.0006253539"
"1237654669203800171","18.88063","17.79747","17.34898","17.15634","17.11043","0.0007440937"
"1237654669203734615","18.03915","16.97474","16.58474","16.44634","16.39631","4.724936E-05"
"1237648720148889610","23.99127","22.05687","20.6851","19.06056","18.16715","-3.562616E-05"
"1237654669740539943","18.48304","18.31129","18.43023","17.89885","17.30258","-3.616222E-05"
"1237648721222566009","22.65783","20.45748","18.87812","18.13464","17.47847","5.995927E-05"
"1237648721225318714","21.78991","20.86549","20.48339","20.36969","20.25801","0.002185354"
"1237674648849285197","17.11178","16.14444","15.84707","15.70014","15.66195","0.0009841979"
"1237674649386090523","16.77615","15.51018","15.05928","14.88855","14.84383","-0.0003228984"
"1237648720151248927","18.75355","17.81158","17.4755","17.67501","17.28985","-0.0002969076"
"1237648721225121819","19.25988","18.02528","17.59606","17.44376","17.40652","0.0001114514"
"1237674648849088555","18.71701","17.67699","17.57771","17.59379","17.64067","-4.253162E-06"
"1237648720151118056","21.0641","18.59718","17.53441","17.13069","16.91208","0.0001670518"
"1237674650461995120","20.19233","18.89934","18.37691","18.13039","18.00245","0.0003008317"
"1237674650461995146","21.59327","20.04613","19.32025","19.00969","18.8746","0.0002560728"
"1237674650461995140","20.68072","19.03672","18.44939","18.21711","18.11023","0.0002971612"
"1237648721227022449","19.34245","18.44862","18.68546","18.87642","19.02608","0.0005569617"
"1237648721226956838","18.73286","17.51029","17.10567","17.12384","16.89732","-0.0001447353"
"1237674648850858157","20.28601","19.35361","19.04722","18.94363","18.95143","-0.001955274"
"1237648720152887305","18.36361","17.06105","16.55137","16.37948","16.29799","4.305946E-07"
"1237674650461601948","20.19201","19.16403","18.80987","18.66123","18.63558","0.00114699"
"1237674650461601911","17.54864","16.39727","15.99365","15.84926","15.81315","0.0001128871"
"1237674650461601942","19.67111","18.69331","18.42404","18.32199","18.33427","0.0001563478"
"1237674650462322692","19.30338","18.07207","17.81586","17.69498","17.66352","0.0004655341"
"1237674650999128257","22.49786","19.67885","18.20861","17.74215","17.4335","0.0002509612"
"1237674650999193635","17.39544","16.26961","15.91358","15.81007","15.76784","1.623097E-05"
"1237648722838421609","17.82126","16.57102","16.11049","15.95387","15.87731","0.0005007936"
"1237674651536392201","18.61696","17.39822","17.45235","17.53157","17.57023","-5.296219E-05"
"1237648722838421758","23.24463","20.38136","18.60366","17.74501","17.25289","0.0006116955"
"1237674650999455891","20.65623","19.23333","18.65643","18.42193","18.30385","6.41482E-05"
"1237674650999324780","17.92215","16.66882","16.24369","16.11109","16.06367","0.0002218506"
"1237674650999324793","18.56782","17.70851","17.35826","17.21212","17.15781","0.0004629904"
"1237648722838487205","20.10975","18.96901","18.91082","18.91422","18.9379","0.0004202125"
"1237671142018056530","22.86989","19.94392","18.55179","17.90509","17.56417","7.819277E-05"
"1237648721765793820","11.96091","12.37476","12.29743","13.59399","12.56588","0.0002129339"
"1237671141481054238","18.43398","17.44945","17.16269","17.0383","17.00301","0.0006900549"
"1237671141480923208","18.90224","17.92556","17.65737","17.62124","17.64509","0.0003290365"
"1237674650463961130","17.76331","16.71294","16.34995","16.23216","16.18671","0.0003052913"
"1237648721766056088","19.62119","19.63478","19.8827","20.07201","21.04518","1.14537E-05"
"1237650795146576079","19.4414","18.08051","18.0917","18.14256","18.22256","0.0006005246"
"1237650795683643399","16.94885","16.49758","16.64236","16.81161","17.01174","-0.0002443073"
"1237648721216274522","18.67938","18.26975","18.34097","18.46216","18.59776","-6.583336E-05"
"1237648721216340121","20.44799","20.045","20.30676","20.50662","21.07875","-0.0002587513"
"1237648721216405598","19.25758","18.79353","18.93591","19.10642","19.30586","-0.0002599027"
"1237650796220383236","18.29695","17.00027","16.4497","16.20717","16.10233","0.0001605878"
"1237651799621894242","24.63468","19.39151","24.80203","14.88384","22.8268","4.092516E-05"
"1237651800158830862","20.90656","24.98726","24.91837","25.04552","23.234","0.000151985"
"1237650795683446879","22.26557","19.20024","17.52558","15.2487","14.05043","-6.372974E-05"
"1237648720142204988","18.88086","17.73562","17.57361","17.55848","17.5657","0.0002256552"
"1237648721752817789","20.90531","19.46412","19.29238","19.3064","19.24257","-5.65732E-06"
"1237648721752752179","19.15385","17.74926","17.14627","16.90309","16.78826","0.0003433451"
"1237648722289819691","18.74275","17.26978","16.62725","16.34429","16.21385","0.0005075927"
"1237654669735690438","19.33209","17.72443","17.11713","16.88623","16.82107","0.0001131323"
"1237651799623270428","18.15839","17.73644","17.6399","17.63571","17.71772","0.000185373"
"1237654669735428421","24.60518","21.29779","19.72989","18.523","17.84836","-2.547461E-05"
"1237651800160010291","18.74318","17.77797","17.44545","17.32809","17.3208","0.0002515242"
"1237654668662079698","20.52748","18.49891","17.49114","17.08126","16.87911","-0.0001110211"
"1237651799623729211","17.99235","16.57611","16.00917","15.7881","15.70042","3.429675E-06"
"1237654668662079740","19.81324","17.40578","16.42891","16.10591","15.92636","0.0001463483"
"1237651799623729253","19.16475","17.48471","16.82171","16.5801","16.45715","0.0001663387"
"1237654668662079710","21.45989","18.5977","17.35044","16.89606","16.64216","0.00014273"
"1237654668662079597","19.53596","17.50698","16.72426","16.41256","16.21046","0.000208775"
"1237651799623729305","19.46233","18.17265","17.62474","17.41403","17.32764","0.0003990555"
"1237651799623729309","20.35786","17.97389","17.05049","16.73553","16.58498","0.0002241512"
"1237651799623729215","19.2282","17.70328","17.15031","16.95256","16.89158","0.0001125997"
"1237648721217912990","19.04538","17.94033","17.55053","17.40257","17.35946","0.0001981233"
"1237654669736542424","19.47543","18.33513","18.17494","18.14408","18.13876","0.0004500978"
"1237651800161255431","24.38441","21.14004","19.71896","18.53466","17.94838","0.0001244297"
"1237648722292113454","17.78589","16.75605","16.43583","16.31775","16.28085","0.0002319074"
"1237651752387346781","25.06615","20.95131","19.26128","18.39383","17.86912","0.0005374405"
"1237651752387412273","22.45459","20.44403","19.63243","19.33631","19.07546","-0.0001882265"
"1237651801234538568","18.66888","17.42126","17.02687","16.85955","16.85753","-0.0001498473"
"1237651801771737156","19.01684","17.94234","17.5491","17.43388","17.38181","-4.465931E-05"
"1237648721755111513","18.7437","17.55","17.08163","16.90959","16.83103","-0.0001510239"
"1237651801234997404","18.9962","17.62962","17.13596","16.9303","16.87155","-3.480097E-05"
"1237654670272954398","16.78291","15.55493","15.16275","15.03961","15.01596","-6.490764E-05"
"1237648722292375670","18.31404","17.03372","16.90786","16.87489","16.85365","0.0003381599"
"1237651801236308238","22.10131","19.40876","17.90576","17.02771","16.57818","-9.174069E-05"
"1237651801773113380","17.93108","16.80178","16.3884","16.2512","16.22252","0.0003217566"
"1237651752388788278","18.6121","17.72595","17.46131","17.38697","17.38728","-0.0001881254"
"1237651801236439218","21.46822","18.94406","17.52623","16.37893","15.97649","9.230407E-06"
"1237651801236373735","22.49455","19.51045","18.05265","16.94282","16.43731","2.222752E-05"
"1237654670274789596","19.05891","18.1755","17.87623","17.76844","17.77121","5.347733E-05"
"1237654670274920456","17.52233","16.29145","15.86183","15.70445","15.66254","0.0002441718"
"1237651800163418114","18.93363","17.99365","17.64187","17.5026","17.4916","0.001050828"
"1237648720146989155","18.15352","17.08876","16.64293","16.45568","16.35603","6.26846E-05"
"1237651799626350747","19.44839","18.05101","17.53385","17.34435","17.26397","0.000211615"
"1237651799626285251","21.81623","19.91234","19.10395","18.85134","18.59145","0.0001783984"
"1237651799626350611","18.30891","17.17433","16.81747","16.68911","16.64732","9.422343E-05"
"1237648722294276267","19.59906","18.33547","18.39017","18.49881","18.59277","2.478561E-05"
"1237654671349186617","17.91939","16.81043","16.66582","16.64259","16.65866","0.0001640582"
"1237648722831278124","17.82972","16.84997","16.52111","16.38367","16.35341","0.0001883379"
"1237648722294407263","20.05687","19.01903","18.8047","18.75402","18.72585","0.001016737"
"1237654671349121276","19.26475","18.82206","19.04992","19.28696","19.41995","-2.743366E-05"
"1237648722294276378","19.97817","19.88066","20.21217","20.42117","20.54344","-0.0004874079"
"1237648722294341762","17.18925","15.98545","15.53578","15.36095","15.28022","0.0003505428"
"1237651801773834280","18.15341","17.09871","16.73118","16.59341","16.54883","0.0001720708"
"1237651801773899857","19.24451","17.92299","17.37385","17.15999","17.06432","0.0006598831"
"1237654670812315650","19.02747","17.83204","17.60946","17.5548","17.54848","0.0007222801"
"1237648722831409163","16.29776","15.26695","15.0939","15.05828","15.10017","1.214256E-05"
"1237648722294538285","18.97584","18.00307","17.6682","17.51378","17.46934","0.0006448092"
"1237648722831409318","19.54398","18.53485","18.37981","18.36561","18.3968","0.000212831"
"1237648722294603787","19.03208","17.92422","17.84898","17.8868","17.89835","0.0005986699"
"1237651801774227499","17.77008","16.6066","16.16779","16.01387","15.96547","0.0002603146"
"1237651801773965429","18.2777","17.07912","16.97993","16.98118","17.04959","0.0007372067"
"1237648721757470750","17.57453","16.38595","16.48978","16.61654","16.73915","0.0001130103"
"1237651801237356780","24.51489","23.20098","21.25764","18.54093","17.1193","3.919627E-05"
"1237648722294669422","19.07534","18.09572","17.70908","17.55906","17.49908","6.464647E-05"
"1237648722831605885","19.8406","18.78081","18.68112","18.69403","18.70067","0.0003163106"
"1237648721757864089","18.77184","17.51899","17.32603","17.24935","17.22758","0.000441906"
"1237648721757798638","20.4921","20.06351","20.21731","20.41219","20.60966","-4.461481E-05"
"1237648721757798676","19.99373","18.92531","18.77166","18.73283","18.78758","0.001332167"
"1237648722294734948","19.11586","17.94378","18.05203","18.18766","18.29054","0.0005603804"
"1237648722831736979","21.13235","18.49486","17.20728","16.66124","16.30044","0.0001426127"
"1237654670275969120","19.63414","18.71211","18.45996","18.32506","18.32586","0.0003442843"
"1237648721757929573","18.71556","17.57673","17.38265","17.33843","17.32211","6.467065E-05"
"1237648722296111352","19.9629","18.31689","17.90659","17.43141","17.28793","-8.42123E-05"
"1237654668667191412","20.9394","19.58913","19.1263","18.98581","18.93493","0.0003140794"
"1237654668667191426","20.38187","19.26621","18.88764","18.75785","18.78527","0.0005653448"
"1237648721223090217","18.47567","17.46438","17.09931","16.9689","16.87556","0.00018669"
"1237648721223090261","19.00732","17.98882","17.67299","17.57664","17.52202","0.0006612261"
"1237650797293600829","24.63557","21.09452","19.65397","18.20012","17.52006","9.570571E-05"
"1237648721752621131","17.94163","16.54377","15.9877","15.77288","15.65827","0.0001260678"
"1237651752921858234","22.17546","20.6797","19.05067","18.25262","17.77149","-3.042288E-05"
"1237650796756795662","21.97586","19.37706","18.28957","17.81773","17.61061","0.000189626"
"1237651752386035760","18.71851","17.75764","17.41603","17.27969","17.27299","8.181729E-05"
"1237648722827542622","18.8099","17.94278","17.70672","17.59936","17.58234","0.0004529761"
"1237651800160469042","18.02082","16.95089","16.70526","16.62711","16.64225","0.0003859657"
"1237648720680845348","18.23391","17.04955","16.55303","16.38659","16.3125","-6.401377E-05"
"1237654669198622795","25.14134","21.75103","20.20788","19.11071","18.49293","-0.0001557162"
"1237651800160206926","19.06706","17.78489","17.24868","17.02733","16.9588","0.000518739"
"1237654669198688808","23.27281","21.02498","19.97949","19.67644","19.51854","1.193515E-05"
"1237648720680714347","18.86989","17.63711","17.13568","16.9218","16.81947","0.0005194137"
"1237654669735690484","19.23783","17.93051","17.4585","17.3201","17.25217","0.0002399448"
"1237654669735690489","20.02775","19.15964","18.85127","18.73131","18.62257","0.0004102931"
"1237651800161124476","19.23675","18.22732","18.0457","18.03166","18.07355","0.0008516544"
"1237654670273151049","17.60491","16.50574","16.13324","15.99545","15.96724","0.0001241142"
"1237654668662145183","20.90208","18.11295","16.70819","16.06052","15.77183","0.000121686"
"1237651799623794870","21.201","18.47353","17.13115","16.59947","16.29295","-7.087144E-05"
"1237651799623729327","19.98578","18.46148","17.84982","17.57884","17.48826","0.0003097295"
"1237651799623860377","19.43002","18.06736","17.48901","17.21382","17.17563","0.0004209092"
"1237654668662145164","20.38332","17.58627","16.27603","15.75195","15.48882","0.0001255962"
"1237654668662145187","21.43331","18.85548","17.45437","16.8322","16.4782","9.73081E-05"
"1237651799623860427","22.39233","20.45887","18.70483","15.97843","14.4172","5.73147E-05"
"1237648720144171043","19.60026","18.2715","17.76069","17.53343","17.42659","0.0004653288"
"1237654670273085621","20.4278","19.21761","18.39359","18.15858","18.44011","0.0003949045"
"1237654669736804509","19.81452","18.75838","18.26941","18.05459","17.94396","0.0002157916"
"1237648721218830636","25.68465","22.34975","20.8459","18.96122","17.93225","-0.0002592223"
"1237651800698454172","21.92694","18.99037","17.55845","16.47739","15.8161","-4.268627E-05"
"1237651800161517665","18.40041","17.36982","17.2542","17.22044","17.26286","0.001070089"
"1237648720681893894","18.97266","17.84796","17.42264","17.26585","17.20143","0.0003615868"
"1237648720681828474","19.63906","19.4021","19.45169","18.8509","18.25064","-0.0002274239"
"1237651799624581237","20.13153","19.06322","18.72238","18.63262","18.63717","7.50634E-06"
"1237651800161386669","21.96931","19.23131","17.85496","17.19927","16.78599","0.000123401"
"1237651799624515608","18.74629","17.5107","17.02334","16.83815","16.77116","-0.0001302904"
"1237648720144826581","17.91618","16.63321","16.15938","15.99033","15.90298","-3.088805E-05"
"1237648720144826415","24.5079","22.25329","20.68138","19.16428","18.42327","4.949112E-05"
"1237648720681304157","22.43088","20.90822","20.34756","20.03322","20.04097","-0.0004521605"
"1237651801772786240","23.91075","21.15034","20.10213","19.59399","19.30303","0.0003071862"
"1237648722293162173","19.81726","18.30672","17.38045","16.86656","16.48656","0.0002100094"
"1237651801235915034","21.11963","18.78199","17.55345","16.93372","16.64421","0.0001488837"
"1237648722830032922","18.04258","17.2086","16.90108","16.76781","16.72614","0.0001144283"
"1237651801772982372","18.89974","17.56855","16.98708","16.7599","16.67617","0.0001579174"
"1237654670274461896","18.81785","17.59647","17.16047","16.9793","16.88694","0.0002765472"
"1237651801773048019","21.25458","18.50068","17.37214","16.90114","16.79681","4.394279E-05"
"1237648721756684332","16.96421","15.80865","15.39352","15.24668","15.19961","-0.0002936691"
"1237648721221058714","19.43612","18.3378","18.18679","18.16129","18.19179","0.0009707541"
"1237648720147185909","19.85343","18.83793","18.64511","18.58679","18.59007","0.0008961207"
"1237654669202096253","19.35145","18.12385","18.07881","18.0816","18.12495","0.0006699813"
"1237654669202030754","19.82897","18.14418","17.95182","18.05949","18.36673","3.913881E-05"
"1237648721220993138","20.21635","19.00464","18.91041","18.89328","18.89704","0.0001730157"
"1237654669738967087","22.28057","19.09395","17.99852","17.45827","17.22489","0.0002178805"
"1237648720147054969","21.16613","20.13244","19.6615","19.41154","19.24929","-0.0001395935"
"1237648720147054822","22.1809","19.73117","18.30559","17.97781","17.27904","9.572506E-05"
"1237648720147120407","19.48027","18.17562","17.64455","17.44124","17.33864","0.0003876297"
"1237648720683860157","19.59425","18.33615","17.91066","17.67362","17.56625","0.0002949261"
"1237648721220862115","20.79597","19.43257","18.7913","18.64495","18.5339","0.0004416356"
"1237648720683925726","19.68695","19.67472","20.02325","20.32162","20.62666","0.000291756"
"1237654669738836014","17.6581","16.55548","16.70726","16.87932","16.9435","8.477456E-05"
"1237648721220730896","20.34051","18.55949","17.7715","17.42129","17.26987","6.658377E-05"
"1237648721220796501","19.25194","18.2717","18.01712","17.90655","17.8851","0.0006352317"
"1237648720146923697","18.6759","17.38285","16.86903","16.68229","16.58761","0.0003451772"
"1237648721220599866","16.79231","15.50062","14.92929","14.68886","14.54752","0.0008336598"
"1237648721220600129","22.38553","20.95257","19.41383","17.22142","16.01249","9.535844E-05"
"1237651800700092581","20.93347","19.69685","19.19497","19.05367","19.03417","0.0003936257"
"1237648722295652498","21.33413","20.28511","19.67199","19.74742","19.77312","0.000691875"
"1237648721758912682","20.35922","17.78884","16.43218","15.68446","15.23964","0.0002337067"
"1237654670813757499","22.35961","19.64826","17.97884","17.32891","16.81875","0.0001994025"
"1237654670276952080","18.05001","17.02011","16.59389","16.41863","16.3533","-6.53915E-05"
"1237648721758978154","20.51432","18.52451","17.5853","17.19276","16.94168","0.0002121614"
"1237648722295849013","18.68836","17.64929","17.48852","17.47167","17.47244","0.0006222444"
"1237648722832719886","17.48124","16.37501","15.99969","15.86279","15.80955","0.0001628912"
"1237648722832785420","24.63437","19.59135","18.26675","17.67115","17.34366","0.0001550601"
"1237674648847515743","18.31186","16.04982","15.18272","14.8774","14.7127","2.768746E-05"
"1237674648847515829","20.7352","18.79215","18.09319","17.84423","17.71205","0.0001335367"
"1237674648847515785","21.26699","19.05784","18.16068","17.82898","17.66251","8.276736E-05"
"1237648720149610681","18.98361","17.83656","17.32091","17.11787","17.00929","0.0001149775"
"1237648720686350601","20.40022","17.78141","16.42986","15.84891","15.52807","-1.49972E-05"
"1237674649384255616","20.38696","20.25462","20.56095","20.76531","21.45187","0.000206253"
"1237648705124237390","19.16799","18.31136","17.1766","17.81124","17.54","-0.0001277794"
"1237671992952815637","17.30924","16.10316","15.70933","15.56894","15.52354","8.817155E-05"
"1237648704587497525","17.65753","16.52321","16.51908","16.58461","16.65347","0.0003277558"
"1237651504882057387","19.61585","18.646","18.53053","18.48413","18.57807","0.0005141444"
"1237651504882122754","17.29023","16.20386","15.78211","15.60586","15.54368","0.0003156937"
"1237648704587628617","18.8057","17.82163","17.68928","17.68218","17.71096","-8.579954E-05"
"1237648704587628569","18.74935","17.64831","17.73125","17.83346","17.95347","0.0007469013"
"1237648705661370599","20.31418","19.05504","19.16411","19.29021","19.29879","-9.284246E-05"
"1237648705661436498","25.34774","22.64806","21.73516","21.69269","21.51139","-0.003562119"
"1237653665252245819","19.79778","19.6341","19.95551","20.2862","20.87505","0.0001892063"
"1237651753990750275","16.68882","15.48288","15.39322","15.4057","15.45712","0.0001393849"
"1237654604241043557","17.25857","15.76384","15.17052","14.94695","14.84128","0.000210295"
"1237653665252311155","17.54115","16.59048","16.28145","16.14992","16.11539","0.001004275"
"1237653664715702851","23.21941","21.44953","20.6368","20.47","19.83119","0.0006237325"
"1237653665252508021","20.51955","19.33216","19.00521","18.88544","18.84952","0.0002543207"
"1237653665252507837","18.84157","17.72742","17.21392","16.99582","16.90476","0.0003893344"
"1237674462560977494","23.72397","23.46221","21.51647","19.06133","17.81125","2.870053E-05"
"1237674462560977475","24.18125","21.48846","19.86002","17.75811","16.57227","5.520991E-05"
"1237674462560977362","20.47443","20.29379","20.57601","20.82206","20.81725","-0.0004065025"
"1237653664715768281","23.68851","22.39721","21.12451","18.72382","17.50436","0.0001845982"
"1237673710404698444","19.3071","19.50222","19.90614","20.29148","20.53427","-0.0001323998"
"1237674462024041799","25.05831","25.55204","23.33928","20.826","19.10299","-7.216563E-05"
"1237650795142316222","18.19198","16.91874","16.93074","16.93316","16.97365","0.0006107584"
"1237650795679318550","25.09181","22.42475","21.0127","19.03354","18.00667","0.0001615467"
"1237650796216189158","19.66531","18.53546","18.51181","18.52083","18.60541","0.0001901214"
"1237652899136471133","18.03292","16.85433","16.45909","16.28737","16.25504","-0.0002795192"
"1237653441914011909","18.82675","17.81985","17.36037","17.16681","17.75817","-0.003789981"
"1237653441377206290","23.89759","20.96161","19.43286","18.06108","17.38404","-2.820823E-05"
"1237680240912695363","18.95742","17.84041","17.44625","17.28294","17.25198","0.000229027"
"1237653441914339361","17.9262","16.96989","16.59052","16.45088","16.3771","0.0001102622"
"1237652901820891223","19.28118","18.18929","18.06508","18.03293","18.06397","-0.0008498048"
"1237657118948196931","24.15616","22.32518","20.96212","20.01497","19.46898","2.633195E-05"
"1237657118948065398","17.36041","16.26541","15.94907","15.83154","15.8152","-7.950221E-05"
"1237657769628336205","18.85241","17.64843","17.24375","17.06991","16.98536","-0.0002953514"
"1237657606427115816","23.6221","20.96089","19.58321","18.60695","18.029","7.016886E-05"
"1237657769628860665","22.73371","20.5808","19.25041","18.72045","18.35212","5.877383E-05"
"1237657606426722623","26.47848","22.82802","21.14042","19.09643","17.86254","0.0001109485"
"1237657769628467321","17.23838","16.28084","16.04968","15.95089","15.94369","-0.0006891915"
"1237657606427181592","23.8737","21.11726","20.04427","19.60088","19.27922","0.0002261909"
"1237658917456445472","16.8736","15.90491","15.58634","15.47606","15.45772","-7.604478E-05"
"1237658917456379984","22.30192","19.98603","18.68976","17.91061","17.46616","-0.0001243619"
"1237658917456379998","22.22295","19.92389","18.48869","17.78978","17.3717","-2.594408E-05"
"1237658918530253105","25.53773","21.74862","20.26296","18.48331","17.48665","7.568029E-05"
"1237657591934419672","23.77703","23.12003","21.08955","19.28482","18.18333","4.814356E-05"
"1237658802575048885","23.50889","20.37846","18.95788","21.44654","17.97614","-7.353881E-05"
"1237658917456380139","22.98995","21.04848","19.67745","18.61724","18.00162","-6.862574E-05"
"1237658802038244024","25.49576","23.64398","21.16181","20.09858","19.42423","-9.719965E-05"
"1237658917456380014","21.31838","19.06651","17.73552","17.10653","16.78361","-0.000111533"
"1237657591397613696","23.5543","21.03523","19.43798","18.17021","17.49661","-0.0001304831"
"1237658803112247742","23.51675","22.79036","21.33919","19.48193","18.48625","-6.630361E-05"
"1237657591397744976","24.36783","22.95874","21.32539","19.39435","18.37263","6.000747E-06"
"1237658918530252953","17.83686","16.72117","16.35236","16.22717","16.16691","-8.959263E-05"
"1237658802575179812","24.63455","25.11432","13.927","12.97204","22.82686","-8.532036E-06"
"1237658802038440315","23.68416","22.01004","20.63099","19.34661","18.72671","-0.0001195703"
"1237658917993448147","24.60251","22.91624","21.17623","19.27922","18.24246","-9.339392E-05"
"1237658802038440442","24.69149","22.34248","20.8181","19.83929","19.41752","6.306895E-05"
"1237657591934615696","21.67482","20.16127","19.04159","18.671","18.79991","-0.000209515"
"1237657591934681879","25.92093","23.82835","22.87747","20.0247","18.54194","-0.0001043325"
"1237657591397875803","19.56555","18.45587","18.05625","17.91521","17.83118","-0.0001102383"
"1237658802038571030","18.29263","17.20597","16.96961","16.91215","16.91503","-0.0003061137"
"1237658917993578545","18.42095","17.44985","17.12569","17.01558","16.97105","0.0001736725"
"1237658802575441940","17.85491","16.83191","16.47223","16.38158","16.33107","-0.0002939945"
"1237658802038571099","20.75189","19.71844","19.40844","19.29058","19.46115","7.98265E-05"
"1237660614514180410","22.40897","19.95908","19.5255","19.27252","19.16033","5.902869E-05"
"1237660614514311617","25.04523","21.23331","20.37729","20.08305","20.07537","0.0004153588"
"1237660615051378694","17.48331","16.48052","16.14567","16.03076","16.00874","0.0007285157"
"1237658492815868400","24.12093","20.93175","20.30414","20.01995","19.77702","0.0003398791"
"1237660614514573366","24.36218","19.91159","18.90157","17.42279","16.70605","-7.732969E-05"
"1237660615588249690","22.08579","19.24035","17.6685","17.15659","16.85229","0.0002567674"
"1237661811198590980","17.68961","16.73656","16.44721","16.31748","16.32379","0.0001028007"
"1237658493352804546","19.69409","18.01287","17.30999","16.97807","16.72909","-0.0002857938"
"1237658492815933474","17.43701","16.54182","16.28225","16.18878","16.20833","0.0001236346"
"1237660615588315188","19.36616","18.19567","17.70976","17.50647","17.40041","0.0003824152"
"1237662474772086812","17.10365","16.04811","15.62674","15.45179","15.37845","-0.0001394959"
"1237662504301298375","26.0512","21.85645","20.29065","18.70413","18.05919","-4.031742E-06"
"1237662300841836627","17.6937","16.09685","15.49322","15.2562","15.13931","7.480558E-05"
"1237662337335492784","24.63467","25.11438","19.80259","19.43682","22.82691","-3.272156E-05"
"1237662337335558690","21.44492","19.47961","18.7402","18.44938","18.26415","-0.0001621473"
"1237661465994854805","24.24344","24.58531","23.99758","19.3885","18.67525","-0.0002109431"
"1237661464921178190","18.85663","17.75663","17.32787","17.14845","17.07154","-0.0005055925"
"1237662474236396557","24.55255","20.56591","19.80046","19.48558","19.34116","-0.0004941183"
"1237662503764231550","25.74724","22.30628","20.3315","19.79542","19.59854","9.597588E-05"
"1237662662680117433","19.82846","18.66018","18.20308","18.05354","17.94339","7.606085E-05"
"1237662225161978785","23.87812","21.31472","19.90818","19.61296","19.04641","-8.294147E-05"
"1237662225162044772","24.85988","24.38041","23.70629","20.42574","18.56923","-2.768502E-05"
"1237662662143247027","23.75899","22.18692","20.71685","19.368","19.38439","3.694515E-05"
"1237662224625107239","19.59731","17.81645","16.80202","16.76841","16.54485","-0.0002639657"
"1237662662680051829","17.60589","17.85607","18.31963","18.63794","18.88717","-0.0001508772"
"1237662224624975886","18.24301","16.97549","16.40032","16.15392","16.03889","-0.0002157997"
"1237662662679855112","17.99709","16.95692","16.60596","16.47037","16.41821","-0.0002010785"
"1237662224088367534","19.25716","18.25792","17.90892","17.77633","17.75401","-8.451241E-05"
"1237662662143115536","23.90123","21.32368","20.47798","20.18824","19.76731","-0.001258858"
"1237662224087974195","23.15511","20.23528","18.76953","17.40862","17.62412","-0.000110095"
"1237663784216363058","20.8382","18.16468","16.97029","16.50908","16.20554","6.450303E-05"
"1237657586562105950","26.00592","22.56043","21.37566","19.99956","19.26584","-6.350458E-05"
"1237663784216363200","22.4107","20.22094","18.9693","18.43186","18.09404","1.798318E-05"
"1237657586562105500","20.11566","17.49314","16.17585","15.65443","15.37752","-1.035699E-05"
"1237660024523260156","23.4853","21.11532","19.63243","18.55036","17.99455","5.942721E-05"
"1237660024523325540","22.90523","20.64644","19.20654","18.43147","17.99699","-7.983472E-05"
"1237660024523260006","20.55852","17.35677","16.07164","15.4255","15.24845","-2.040574E-05"
"1237660024523260089","20.64352","19.3249","18.72689","18.47017","18.35867","0.0006215884"
"1237666299479392470","20.08693","17.88735","16.95814","16.60975","16.42287","7.466439E-05"
"1237666299479327021","24.78246","21.00872","19.53498","18.70862","18.26347","-7.25824E-05"
"1237666299479523639","23.9362","21.35936","19.88786","18.93457","18.45494","-5.635296E-05"
"1237663783143342124","20.71905","19.23294","18.59407","18.29659","18.20517","-5.98152E-05"
"1237666300016459976","24.66217","21.52592","20.00529","18.97262","18.42921","-9.853808E-05"
"1237663783680278770","21.40397","19.90054","19.24929","18.9508","18.78442","-0.0005539895"
"1237663783680213052","20.55914","18.73809","17.96821","17.64348","17.45896","0.0003807439"
"1237663783680213168","19.34215","17.91271","17.30913","17.05895","16.91986","-0.0001015231"
"1237666300016459878","22.73598","19.83686","18.34705","17.42094","16.8988","-0.0002130472"
"1237666300553330948","22.94014","20.74577","19.13342","17.92546","17.25885","3.230612E-05"
"1237666300553396261","19.11412","16.71745","15.76097","15.41588","15.23648","9.831734E-05"
"1237666300553265217","18.67059","17.42023","16.89938","16.68153","16.57595","0.0001238601"
"1237663783680213340","24.51257","22.29648","20.70476","19.34283","18.68523","1.253124E-05"
"1237660024523128934","18.39664","16.98408","16.46866","16.2674","16.21198","-0.0002348362"
"1237660024523260362","25.43288","22.10607","20.61205","19.19674","18.41849","-4.309091E-05"
"1237666299479261347","20.42768","18.92013","18.26822","18.00235","17.88589","0.0008079908"
"1237660024523260048","22.29533","19.39798","17.96758","16.66599","16.28","6.180615E-05"
"1237660024523260305","23.73282","21.91462","20.64028","19.28738","18.54807","-4.687E-05"
"1237660024523260345","23.49563","21.54637","20.03914","18.74133","18.04169","-7.307429E-05"
"1237660024523194437","20.34689","18.04793","17.08246","16.71774","16.53646","0.0001539139"
"1237666299479261384","19.3389","18.05459","17.51914","17.31238","17.21411","0.0002375406"
"1237666299479261408","22.63337","20.37336","19.2922","18.86568","18.61934","-7.590015E-05"
"1237660024523260052","22.67877","19.5465","18.01414","17.07683","16.55899","6.579517E-05"
"1237663783143080114","23.27081","20.69543","19.19105","18.22534","17.60383","-1.957761E-05"
"1237663783680147623","24.01252","20.76665","19.23913","18.44028","17.9491","-0.0001454976"
"1237666300016329452","24.03937","21.77106","20.298","19.06932","18.40415","8.153792E-05"
"1237666300016197709","18.85229","17.18524","16.50273","16.24569","16.13133","0.0001390492"
"1237666300016328763","18.45001","16.70446","16.04441","15.81444","15.70763","7.733354E-05"
"1237666300016263530","23.58399","21.01007","19.81178","19.32522","19.00305","-0.0001723495"
"1237661463308599395","20.8296","19.7107","24.80207","19.91496","19.52526","-0.0004024503"
"1237661463308665204","19.38116","18.33965","18.26793","18.28053","18.34425","-0.0006968435"
"1237661463308600321","23.45591","21.13755","20.40541","20.15151","20.0686","-0.0003666966"
"1237661463308927050","17.46906","16.18532","16.33823","16.45356","16.51035","-0.0004653479"
"1237661463308731459","23.37589","22.58927","21.32692","19.16105","17.82911","-4.942739E-06"
"1237662642271748340","21.20807","18.84244","17.403","16.22112","15.62347","-6.66518E-05"
"1237662335723045152","22.00359","19.34686","17.90911","16.8512","16.27861","-1.799111E-05"
"1237662641735074195","22.10315","19.46542","17.94595","16.86283","16.24915","-0.0001825933"
"1237662641735074251","21.80068","20.68138","19.51048","19.33968","19.29082","-0.0003491964"
"1237662641735008607","19.95307","18.79957","18.76928","18.82516","18.90733","-0.0008331374"
"1237662641735074311","24.9386","22.68639","21.02766","18.68838","17.32895","-3.407025E-05"
"1237662665889612335","20.22997","18.50266","17.55135","17.09438","16.75248","-3.289598E-05"
"1237662665889611969","17.89397","17.4994","17.69017","17.86484","18.05701","4.132579E-05"
"1237662666426482770","18.87177","17.71727","17.27086","17.15925","17.11898","-1.134835E-05"
"1237662666426351741","22.61712","20.24584","19.29114","18.8426","18.68002","-2.861387E-05"
"1237662640124068100","22.22416","19.15319","17.81709","17.22377","16.88083","9.914557E-05"
"1237662640124002734","24.77557","21.85013","20.40594","19.79555","19.56159","-0.0006824516"
"1237662665889677593","20.03771","18.86961","18.82614","18.77674","18.89142","-0.0008473379"
"1237662666963419776","23.09068","21.14587","20.3438","20.00545","19.74449","-0.000471288"
"1237662640661004480","17.72331","16.71947","16.42062","16.2924","16.23847","-0.001004576"
"1237662666963419155","20.24235","19.36725","18.9689","18.72776","18.83919","0.0001681781"
"1237662666963353978","21.18564","18.60807","17.1171","15.19804","14.18528","-0.0003334309"
"1237662665889284559","19.00066","18.06335","17.61672","17.41906","17.26376","-0.0005827121"
"1237662665889480858","19.22993","18.06583","18.18055","18.27565","18.36228","-0.0009293741"
"1237662665889349869","17.95902","16.96895","16.69772","16.57637","16.54071","-0.0002598588"
"1237662640660873282","21.97806","25.11438","19.99899","24.3618","19.51037","-0.0003200454"
"1237662340552851606","19.98706","18.95836","14.1806","17.82753","16.99101","-5.328492E-05"
"1237662306739880004","18.89433","17.68717","17.65163","17.68314","17.69199","-9.685697E-05"
"1237662306739945912","22.81591","20.89151","19.78451","19.95858","19.16232","-5.49079E-05"
"1237662306739749255","19.7068","18.6141","18.13385","17.93044","17.83274","-0.0002098342"
"1237662640123937060","21.9456","19.18328","17.60968","16.69377","16.16014","-3.725993E-06"
"1237662640123805768","17.51882","16.27214","15.88101","15.76577","15.70624","-8.381527E-05"
"1237662666426155035","17.11015","17.07584","17.50425","17.78799","18.05134","-0.0003314841"
"1237661813880521381","25.84565","24.61222","22.14445","19.97575","18.11065","-2.747237E-05"
"1237661950786535875","25.54428","20.90657","19.99804","19.69876","19.37401","0.0001895213"
"1237661950786404459","21.66862","19.20401","17.8377","16.43075","15.67937","-0.0001356013"
"1237661951323537547","18.90325","17.71691","17.27021","17.10446","17.0686","7.586349E-05"
"1237661813880848501","19.38924","18.89555","18.94427","19.03543","19.24675","-0.0001564595"
"1237661951323734018","17.54468","16.59414","16.3057","16.18027","16.12946","0.0003037618"
"1237661813343977552","18.53088","17.04379","16.36196","16.05529","15.85557","0.0001805497"
"1237662224615014455","17.29151","16.00942","15.51297","15.3105","15.28959","-0.0001934316"
"1237662224078143613","17.66949","16.64543","16.34452","16.2226","16.25154","-6.486668E-05"
"1237662224077815896","13.99372","14.56554","11.67027","13.18269","17.00943","-0.000340158"
"1237662224077946894","18.12344","25.08631","18.10329","18.27953","22.82297","-0.0001576134"
"1237662305116094815","23.28471","20.49702","19.12416","18.41199","18.02008","-7.207519E-06"
"1237662305116160274","23.75091","20.18249","18.7467","17.51643","16.8771","-0.0002017972"
"1237662663743635546","17.44995","16.30098","16.18349","16.17844","16.18592","-0.001060427"
"1237662225688756356","19.93423","18.8246","18.39878","18.17958","18.19216","-0.0001915019"
"1237662226225496792","23.58449","21.98839","20.2675","19.00244","18.33284","5.729289E-05"
"1237662663206896171","23.96084","22.25893","20.85174","19.56088","19.33622","-0.0001022652"
"1237662301903913157","25.09775","21.93902","20.37139","19.85448","19.75628","0.0004024182"
"1237662500002660434","17.9653","16.98224","16.65175","16.51719","16.48982","-0.0008090555"
"1237662301903847493","23.15832","19.95922","18.75922","18.31556","18.124","-0.0001200395"
"1237662499465658634","24.37902","21.02937","19.3856","18.01729","17.26785","6.362742E-05"
"1237662301367042066","16.86568","15.89489","15.63822","15.52126","15.49313","-0.0002283344"
"1237662499465724044","19.60589","18.33487","18.47042","18.61457","18.73877","6.64769E-05"
"1237662302440587505","23.83838","22.75969","21.05027","18.80313","17.61084","-9.200745E-05"
"1237662498928787520","20.05986","26.545","27.34896","17.31566","24.18815","0.004033007"
"1237662300830105656","19.23501","16.65245","15.05297","14.27386","14.11687","1.471963E-05"
"1237662499465593134","23.73976","22.84522","21.20752","18.94715","17.70439","3.10564E-05"
"1237662499465592935","18.17583","17.19121","17.09624","17.08405","17.09952","-0.0006413659"
"1237662199891755296","20.15084","18.88778","18.4376","18.30868","18.24847","-0.0002272041"
"1237661950270439538","17.71164","16.84389","16.57184","16.48107","16.47578","0.0004084182"
"1237662199891690270","23.14876","22.49633","21.10082","20.10621","20.06933","-0.0001849542"
"1237662199354818703","22.57106","20.06932","18.69613","17.92852","17.48228","2.870286E-05"
"1237662635831001310","22.32427","19.91679","18.85584","18.41178","18.09476","-6.591819E-05"
"1237661951344312474","18.90095","17.8864","17.62034","17.51423","17.47732","-0.0002425884"
"1237662199891755378","25.19982","24.46913","22.19928","19.57833","17.42604","-6.851251E-05"
"1237662199354949927","19.00278","16.77695","15.62329","15.46547","15.21169","4.4226E-05"
"1237662199891886198","18.57044","17.40427","16.907","16.72644","16.66473","-0.0007899022"
"1237662199891820764","18.98057","18.51633","18.39005","18.38636","18.46981","1.264063E-05"
"1237661950270767434","24.10321","20.90392","19.30865","19.05059","18.70053","-0.000301638"
"1237664132090888323","16.93807","15.75528","16.06945","18.38469","16.40151","-0.002176299"
"1237664132628086860","24.84416","25.77418","15.27725","16.90522","22.75861","-2.906639E-05"
"1237664131554082876","19.40945","18.98376","19.00242","19.15795","19.35063","-6.723881E-05"
"1237664132628152425","20.29013","18.13612","16.93615","16.22353","15.75461","-4.38203E-05"
"1237664132628152780","23.22844","22.23224","20.76031","20.13106","20.24479","0.00218293"
"1237664133165088782","18.39215","17.24481","16.82379","16.68869","16.61822","0.0002795653"
"1237664132091019409","17.75297","16.69626","16.38057","16.26796","16.25351","-0.0001021197"
"1237664132091150563","19.91877","17.50184","16.38793","15.96381","15.69851","0.0001492472"
"1237661069789233348","22.57201","20.18521","19.05251","18.50366","18.21958","0.0001035271"
"1237661069789233400","23.01163","20.41263","19.04684","19.00073","17.93913","0.0001710571"
"1237661070326366236","19.12695","18.19722","17.93572","17.83406","17.77668","0.0001698735"
"1237663529186885696","17.50951","16.04379","15.52828","15.29775","15.23642","-0.0001226405"
